{
"type": "FeatureCollection",
"name": "grille_mtm_qc",
"crs": { "type": "name", "properties": { "name": "urn:ogc:def:crs:OGC:1.3:CRS84" } },
"features": [
{ "type": "Feature", "properties": { "zone": 2, "epsg_csrs": 26899, "epsg_nad83": 32182, "epsg_nad27": 32082.0, "meridien_central": -56.0, "lon_min": -57.0, "lon_max": -54.0 }, "geometry": { "type": "Polygon", "coordinates": [ [ [ -57.0, 52.083799189221672 ], [ -56.987412253017155, 52.075965337354845 ], [ -56.993164246048217, 52.067299376775807 ], [ -56.980665407604441, 52.060049949835225 ], [ -56.989222878430276, 52.051883955929142 ], [ -56.980894021478157, 52.028996851988978 ], [ -56.938676538185867, 51.991359814166785 ], [ -56.935204621501896, 51.973276303386932 ], [ -56.944871699300016, 51.96877634404175 ], [ -56.971066765702894, 51.979832237460656 ], [ -56.984261842720265, 51.975860046510498 ], [ -57.0, 51.987172134589962 ], [ -57.0, 52.083799189221672 ] ] ] } },
{ "type": "Feature", "properties": { "zone": 3, "epsg_csrs": 2945, "epsg_nad83": 32183, "epsg_nad27": 32083.0, "meridien_central": -58.5, "lon_min": -60.0, "lon_max": -57.0 }, "geometry": { "type": "MultiPolygon", "coordinates": [ [ [ [ -57.0, 51.987172134589962 ], [ -57.008260701398974, 51.993109664642709 ], [ -57.043979300790831, 51.981857450263206 ], [ -57.035759919159943, 51.963552970037888 ], [ -57.062317867732126, 51.938053391540095 ], [ -57.050903799314888, 51.920693274470111 ], [ -57.081127612159342, 51.915610391011143 ], [ -57.06193306812618, 51.891859993028447 ], [ -57.05698894083389, 51.870415245903445 ], [ -57.063989351106819, 51.85735968613568 ], [ -57.080129028092465, 51.851748631469718 ], [ -57.079212831136765, 51.8252761770744 ], [ -57.088685775886439, 51.811165048456068 ], [ -57.107497637270114, 51.805965251196326 ], [ -57.107482149375286, 51.202493466432479 ], [ -57.736140876339022, 50.998608163075957 ], [ -58.189774665323263, 50.57416427613164 ], [ -58.940366356422253, 49.848609871399468 ], [ -60.0, 49.112589738033293 ], [ -60.0, 52.469986618595868 ], [ -59.982341394139375, 52.451359094204562 ], [ -59.914495272391775, 52.432193014789895 ], [ -59.843547901160079, 52.447720517421025 ], [ -59.828213764492702, 52.459248331034935 ], [ -59.834880628139665, 52.467887310844951 ], [ -59.882326586749492, 52.475109942882433 ], [ -59.894854379409878, 52.499804736144917 ], [ -59.918994085141364, 52.503138309099242 ], [ -59.95713390097157, 52.531222233092066 ], [ -59.988412704107432, 52.539778067227807 ], [ -60.0, 52.547479605972001 ], [ -60.0, 52.575250585199157 ], [ -59.997440105274286, 52.576000723952824 ], [ -59.938216118439691, 52.55100011846482 ], [ -59.913576208680851, 52.555916645839872 ], [ -59.90415895951876, 52.568499986827952 ], [ -59.861852161094099, 52.554166229379213 ], [ -59.815544755638783, 52.562943784890656 ], [ -59.807377648459848, 52.568749368846824 ], [ -59.809988641296151, 52.582110639245997 ], [ -59.845572995081966, 52.597361080931535 ], [ -59.84246149724008, 52.608638922036832 ], [ -59.905658084118429, 52.620195077815751 ], [ -59.886990456613653, 52.633639528345874 ], [ -59.850128164909087, 52.627750345999935 ], [ -59.839738630309043, 52.64372265700905 ], [ -59.848377563431058, 52.653750628556985 ], [ -59.798653067085581, 52.678389429009783 ], [ -59.70970541200623, 52.676277605112439 ], [ -59.69659393745092, 52.667999698850046 ], [ -59.691649669589872, 52.65222170733913 ], [ -59.650620589678219, 52.642915776925527 ], [ -59.652565302107966, 52.62724890443107 ], [ -59.58789664771362, 52.610359399733781 ], [ -59.598258560154953, 52.591942562272244 ], [ -59.55761843149115, 52.57691436093242 ], [ -59.5702580441991, 52.565358700467954 ], [ -59.539479194545663, 52.556969506453775 ], [ -59.511533516820904, 52.572358378511552 ], [ -59.520366669443071, 52.600581012182403 ], [ -59.498948782385078, 52.621692220979284 ], [ -59.419390237348416, 52.626524962882428 ], [ -59.414112261182652, 52.622108222179072 ], [ -59.424196200578962, 52.612497081480271 ], [ -59.384667075861429, 52.606218975800076 ], [ -59.309302717785229, 52.630190931547688 ], [ -59.308080832525988, 52.611440647597163 ], [ -59.288330095702037, 52.612940561610216 ], [ -59.288608196810401, 52.598940412135384 ], [ -59.244690541404182, 52.56863415326535 ], [ -59.248857498506375, 52.56280080871484 ], [ -59.242496209206749, 52.554661793943666 ], [ -59.175688473908416, 52.54671677523487 ], [ -59.141465558378741, 52.516799530510191 ], [ -59.122214614369518, 52.529243982705239 ], [ -59.098074843476475, 52.531466026163507 ], [ -59.087879799300588, 52.542021581077741 ], [ -59.049850642307895, 52.540965751531779 ], [ -59.021072010053103, 52.529437648741343 ], [ -59.025711306140046, 52.520132001760821 ], [ -58.988710506556316, 52.496575971188626 ], [ -58.921041743945473, 52.473214035970628 ], [ -58.897985286565707, 52.4806305914693 ], [ -58.881929433819842, 52.466213674831302 ], [ -58.859817467922326, 52.464713493544394 ], [ -58.837594172608249, 52.480102371420053 ], [ -58.845399591334889, 52.50457495790176 ], [ -58.83187131546488, 52.504991504632763 ], [ -58.807562886487389, 52.501631042904101 ], [ -58.810507990471343, 52.49263078523483 ], [ -58.785672889063264, 52.479325363795581 ], [ -58.744612996082658, 52.485381872320289 ], [ -58.710194816013299, 52.470576151700051 ], [ -58.674969802856531, 52.47579872569073 ], [ -58.650467639343823, 52.457660219534453 ], [ -58.622160427859967, 52.474076968446859 ], [ -58.638800764443801, 52.487687847864464 ], [ -58.655024130874921, 52.485548806090215 ], [ -58.667497619856384, 52.494965286775887 ], [ -58.653329877912078, 52.506659887475806 ], [ -58.685858821098407, 52.528798957377433 ], [ -58.68727534293032, 52.537437985016652 ], [ -58.675830453354713, 52.543576885757297 ], [ -58.678857995874004, 52.55999372871112 ], [ -58.650912104084412, 52.574104847387908 ], [ -58.62616112414505, 52.559104714145292 ], [ -58.5960485916412, 52.562410137811099 ], [ -58.56802101264654, 52.578020519724689 ], [ -58.521522647730556, 52.575713243796756 ], [ -58.551908718317797, 52.594852304967212 ], [ -58.530906888301715, 52.60732266278508 ], [ -58.559737207528954, 52.618684461836359 ], [ -58.572730980753562, 52.650877583957907 ], [ -58.53495516350376, 52.642209267537552 ], [ -58.517979594617508, 52.658901422568128 ], [ -58.49889788244495, 52.651539700257956 ], [ -58.492257296148168, 52.657955816160715 ], [ -58.447978698423569, 52.654122461152063 ], [ -58.433586809057438, 52.665315813782748 ], [ -58.447059917517571, 52.67895524196863 ], [ -58.438587403479609, 52.68648316281319 ], [ -58.455617308772204, 52.696400861329892 ], [ -58.417279561834405, 52.715482929289792 ], [ -58.326416586143836, 52.690593463505508 ], [ -58.309142224180938, 52.672233679158701 ], [ -58.218707699378129, 52.628265939506974 ], [ -58.255875117829561, 52.623043581498983 ], [ -58.257014436999128, 52.611182458254376 ], [ -58.234541960053299, 52.613043594695007 ], [ -58.173929016941166, 52.596820775474015 ], [ -58.178290458875978, 52.591209652199524 ], [ -58.162123281939813, 52.58382048931324 ], [ -58.168179197027506, 52.578792708523835 ], [ -58.125426822498703, 52.574597492140974 ], [ -58.132287725725675, 52.566013794528601 ], [ -58.125842447591552, 52.562457852488556 ], [ -58.104867836410307, 52.559373525560034 ], [ -58.094813608522422, 52.573541248392551 ], [ -58.083868713960015, 52.574429988578927 ], [ -58.077696006285223, 52.544371119820227 ], [ -58.082553435847849, 52.527257808484073 ], [ -58.046693709340474, 52.502369355726429 ], [ -58.063106586415778, 52.49045057036129 ], [ -58.019057080289031, 52.48153686036143 ], [ -57.999859836270261, 52.454535084813429 ], [ -57.987552140863706, 52.451478548601258 ], [ -57.974685695209196, 52.426559022536814 ], [ -57.9540181107267, 52.431725461084383 ], [ -57.94073911504578, 52.430058383105013 ], [ -57.933210248814234, 52.418446619735576 ], [ -57.896570274595511, 52.414029744838679 ], [ -57.876819017401722, 52.420862787006548 ], [ -57.860874379756595, 52.412751605713204 ], [ -57.859290667042735, 52.433835050754993 ], [ -57.868346495747254, 52.44177966739197 ], [ -57.809649912547599, 52.468501716526781 ], [ -57.825706003535828, 52.479668603567895 ], [ -57.817205608942949, 52.492363124563759 ], [ -57.848123333624663, 52.4997245617717 ], [ -57.815038527842702, 52.511641169186035 ], [ -57.800982523501595, 52.507752080724906 ], [ -57.802482796969073, 52.500890945063176 ], [ -57.787398945110994, 52.496696310030465 ], [ -57.786732258796448, 52.489418379709946 ], [ -57.731900886994772, 52.478669682359261 ], [ -57.760898184609758, 52.441973167788731 ], [ -57.786510233524261, 52.427806551327976 ], [ -57.748592328503705, 52.418500650412206 ], [ -57.750927506236863, 52.409195813904901 ], [ -57.737903609177081, 52.401391934341731 ], [ -57.743211157896873, 52.389781455232828 ], [ -57.731575079297286, 52.383366070746774 ], [ -57.73988271928458, 52.370727815770152 ], [ -57.679944803825315, 52.334563970417378 ], [ -57.676778374272899, 52.316285981705221 ], [ -57.637554819424686, 52.313841173761219 ], [ -57.612971070522114, 52.294424124308115 ], [ -57.588109217945593, 52.28886825231622 ], [ -57.574637065821449, 52.267729079843541 ], [ -57.556608744100259, 52.259339952023197 ], [ -57.564025902004246, 52.248034342543598 ], [ -57.4954409519923, 52.215394535352715 ], [ -57.493191245414344, 52.193699829498875 ], [ -57.467801598323128, 52.189616276262953 ], [ -57.466635161251403, 52.176255052547937 ], [ -57.417404499748095, 52.123499014797126 ], [ -57.420926821692575, 52.085216780936427 ], [ -57.39617485574928, 52.074632246664507 ], [ -57.409119953732528, 52.06607666398812 ], [ -57.333534228927803, 52.052075950395889 ], [ -57.326617037111525, 52.06357600083777 ], [ -57.306727350960692, 52.071187047815663 ], [ -57.310421707172203, 52.080603836218543 ], [ -57.29697617733698, 52.095909529203958 ], [ -57.278503213348955, 52.096576083014583 ], [ -57.249447312958722, 52.083770013851279 ], [ -57.223224187425672, 52.083714938143608 ], [ -57.214057865345545, 52.076882040737907 ], [ -57.213059736324688, 52.059132559027411 ], [ -57.199449464488751, 52.054605619740791 ], [ -57.166005290217797, 52.058162625126549 ], [ -57.163809344163326, 52.065356529085733 ], [ -57.121944931905489, 52.066466414782937 ], [ -57.11944364732171, 52.077299277930685 ], [ -57.092803080306808, 52.088521140289068 ], [ -57.080219003617181, 52.102799032954152 ], [ -57.068552409358304, 52.101354657243029 ], [ -57.068774563398357, 52.090521087707465 ], [ -57.060941119672293, 52.088632081106638 ], [ -57.029191645458745, 52.101966302572812 ], [ -57.0, 52.083799189221672 ], [ -57.0, 51.987172134589962 ] ] ], [ [ [ -60.0, 52.50246056610326 ], [ -59.967359407571493, 52.496194030082698 ], [ -59.960229335691665, 52.479165713451117 ], [ -59.982093243629805, 52.483388120301321 ], [ -60.0, 52.471282653396024 ], [ -60.0, 52.50246056610326 ] ] ] ] } },
{ "type": "Feature", "properties": { "zone": 4, "epsg_csrs": 2946, "epsg_nad83": 32184, "epsg_nad27": 32084.0, "meridien_central": -61.5, "lon_min": -63.0, "lon_max": -60.0 }, "geometry": { "type": "MultiPolygon", "coordinates": [ [ [ [ -60.0, 49.112589738033293 ], [ -60.476818505938738, 48.781392231744661 ], [ -60.403770284755105, 47.761111410893022 ], [ -60.762673091148734, 47.423334802469526 ], [ -60.991847779013469, 47.329446780194807 ], [ -61.350472388781455, 47.009725671171211 ], [ -61.399363764164377, 46.84000354833745 ], [ -62.299949494194721, 46.840006722378718 ], [ -62.986360928826564, 47.139731854312785 ], [ -63.0, 47.158037642982514 ], [ -63.0, 52.767359430206575 ], [ -62.965325297485506, 52.758630405823801 ], [ -62.937407489610415, 52.764852506554803 ], [ -62.933157309586747, 52.770352541828345 ], [ -62.940935072736828, 52.788075072621304 ], [ -62.933629070020167, 52.794964022274122 ], [ -62.895245823781821, 52.786797644180368 ], [ -62.873030235890255, 52.797742883356186 ], [ -62.8042636548346, 52.800077137994485 ], [ -62.783262920534249, 52.789132481893013 ], [ -62.754428363274869, 52.797187992388622 ], [ -62.736816877381635, 52.78468766187617 ], [ -62.66700878953683, 52.775742722796245 ], [ -62.675508951672548, 52.787353971408578 ], [ -62.694731803019977, 52.793520855892922 ], [ -62.675786572653443, 52.79677080900737 ], [ -62.695231633071003, 52.805576591869382 ], [ -62.69448135649484, 52.813271105632616 ], [ -62.636951750870807, 52.796353861188472 ], [ -62.599338989683226, 52.805909303680586 ], [ -62.620395167082009, 52.814020680700089 ], [ -62.604505648628646, 52.822548444919605 ], [ -62.630478742609803, 52.822993068379539 ], [ -62.632812002761632, 52.834215401683771 ], [ -62.660479822101848, 52.83407675394151 ], [ -62.656396179733491, 52.842160124219603 ], [ -62.663646345479059, 52.844826863088272 ], [ -62.654534764852968, 52.853632485548545 ], [ -62.704171373365845, 52.863688133195986 ], [ -62.706170144503361, 52.871410374628738 ], [ -62.668089838424208, 52.886910692814006 ], [ -62.700529875370805, 52.884827109795538 ], [ -62.707638454282531, 52.895077116943291 ], [ -62.720830160017471, 52.897243674538849 ], [ -62.702748381986034, 52.909327217833322 ], [ -62.725714330175926, 52.91457687049656 ], [ -62.722214627021756, 52.923465888416565 ], [ -62.697859382070732, 52.931438589408216 ], [ -62.7001364706177, 52.937355274844265 ], [ -62.641087019598885, 52.935438965359083 ], [ -62.634726073190635, 52.928133334719362 ], [ -62.604252569755246, 52.923855263070642 ], [ -62.585725919640062, 52.894660330315325 ], [ -62.558469418335307, 52.905799224352471 ], [ -62.557301803422945, 52.913021560495004 ], [ -62.528543493242701, 52.915493692366404 ], [ -62.522267429348794, 52.897410034125869 ], [ -62.502489433120367, 52.880326445648663 ], [ -62.465320022602569, 52.883687346214757 ], [ -62.463317033568607, 52.894687461694559 ], [ -62.444157469064329, 52.865381376372198 ], [ -62.456273586447082, 52.84829790810803 ], [ -62.475025463790672, 52.843714644605917 ], [ -62.478195068932216, 52.833270006894537 ], [ -62.508306741324404, 52.835575771744573 ], [ -62.501946182507744, 52.816853308710542 ], [ -62.4688062927193, 52.800880714687779 ], [ -62.485890504211604, 52.78896400028178 ], [ -62.436416802907033, 52.768296775284433 ], [ -62.372219985709279, 52.757962905346822 ], [ -62.370720120835678, 52.745879417223733 ], [ -62.315218225809048, 52.734545622658764 ], [ -62.3100234548278, 52.738712262743235 ], [ -62.321051578482461, 52.744712433534659 ], [ -62.317245864269083, 52.750073614425972 ], [ -62.272355192373006, 52.754295580240672 ], [ -62.239104126548874, 52.738628536561862 ], [ -62.177185155322782, 52.73607250672292 ], [ -62.178268207705699, 52.753933857234848 ], [ -62.159517201935373, 52.762989373441755 ], [ -62.158849867084612, 52.779378437977357 ], [ -62.135458161600475, 52.777350436318628 ], [ -62.075985067014891, 52.749933078806031 ], [ -62.022358944676299, 52.739654169076182 ], [ -61.938295221148728, 52.698541718265261 ], [ -61.907682916146712, 52.695763687310503 ], [ -61.909072270750237, 52.670568914702535 ], [ -61.863184228687189, 52.650373765665002 ], [ -61.861270774976248, 52.632790338812576 ], [ -61.744594202955042, 52.609344021121757 ], [ -61.713592952010821, 52.588371124502928 ], [ -61.714815548444143, 52.574009853828862 ], [ -61.664007418541921, 52.573314968769679 ], [ -61.634895437038132, 52.560036696537182 ], [ -61.610838606038399, 52.563286430725135 ], [ -61.5938102543127, 52.553730543915428 ], [ -61.559949869390294, 52.554897257408399 ], [ -61.462378986078477, 52.532537196400177 ], [ -61.44243833784973, 52.508398464596034 ], [ -61.468273594532597, 52.496565302515137 ], [ -61.456217780433015, 52.484481702873644 ], [ -61.468440601412219, 52.477203901687083 ], [ -61.453217968164751, 52.471148183288754 ], [ -61.414799530835694, 52.491425980644131 ], [ -61.345935779830029, 52.495397773421161 ], [ -61.331073480753631, 52.508175603896284 ], [ -61.317458733723633, 52.493119109943308 ], [ -61.305815869340542, 52.499312836179463 ], [ -61.311317423593351, 52.503063234768646 ], [ -61.30542667844999, 52.509979552357933 ], [ -61.29328384253342, 52.513534459941042 ], [ -61.21576896848039, 52.508003741615966 ], [ -61.144218162603906, 52.47505962576205 ], [ -61.136222538752115, 52.458949228470331 ], [ -61.122444982109734, 52.456643605243706 ], [ -61.1147256337104, 52.445505160299454 ], [ -61.056918646624112, 52.443421436490588 ], [ -61.033895443733471, 52.424561112464339 ], [ -61.037147130188721, 52.418922605152176 ], [ -61.018591682214634, 52.410978072392432 ], [ -61.022564236245408, 52.404005781488429 ], [ -61.003758194849894, 52.38589434897407 ], [ -60.905893955089347, 52.357782282407797 ], [ -60.84766976356557, 52.353504120566726 ], [ -60.847697633472762, 52.344531770295724 ], [ -60.794639985994273, 52.352975954983229 ], [ -60.779056177089473, 52.346309141485072 ], [ -60.763388912261739, 52.349836798609246 ], [ -60.742999305001781, 52.342531074821082 ], [ -60.730027000967652, 52.32794743883963 ], [ -60.706803854597389, 52.327252814843689 ], [ -60.680192080532535, 52.309696971688446 ], [ -60.653774513541002, 52.303668891837745 ], [ -60.626162307669553, 52.313946643530024 ], [ -60.563104213047858, 52.319585106506004 ], [ -60.581132573512477, 52.329807628487785 ], [ -60.561326233334142, 52.333724137205813 ], [ -60.558575990491839, 52.341696495099569 ], [ -60.587771225003756, 52.354919035217073 ], [ -60.604271383710476, 52.382447257775958 ], [ -60.604076676059456, 52.397752967430229 ], [ -60.564741545037826, 52.414141708989774 ], [ -60.574241676383814, 52.427725313693927 ], [ -60.548185165334793, 52.427975122339603 ], [ -60.567491268159571, 52.436086477919005 ], [ -60.524961832716308, 52.438363983131481 ], [ -60.517378039150188, 52.454503008259323 ], [ -60.367205796968122, 52.453418615478228 ], [ -60.346316318125218, 52.446473954432598 ], [ -60.22687981810958, 52.452528338591748 ], [ -60.211350704905811, 52.47283404472121 ], [ -60.14035556123347, 52.480055586357565 ], [ -60.135012617650403, 52.489472625241802 ], [ -60.086861563984229, 52.507028373652908 ], [ -60.090084682635009, 52.513361877516232 ], [ -60.080944170143184, 52.518000711674077 ], [ -60.0, 52.50246056610326 ], [ -60.0, 52.471282653396024 ], [ -60.000748764666639, 52.470776467590817 ], [ -60.0, 52.469986618595868 ], [ -60.0, 49.112589738033293 ] ] ], [ [ [ -60.0, 52.547479605972001 ], [ -60.006801955159119, 52.552000550433931 ], [ -60.015829616477248, 52.570611953517947 ], [ -60.0, 52.575250585199157 ], [ -60.0, 52.547479605972001 ] ] ] ] } },
{ "type": "Feature", "properties": { "zone": 5, "epsg_csrs": 2947, "epsg_nad83": 32185, "epsg_nad27": 32085.0, "meridien_central": -64.5, "lon_min": -66.0, "lon_max": -63.0 }, "geometry": { "type": "MultiPolygon", "coordinates": [ [ [ [ -63.0, 47.158037642982514 ], [ -63.791661094322734, 48.220571924564723 ], [ -64.421962341921855, 48.220574430351519 ], [ -65.111713753640871, 47.921131536067911 ], [ -65.53617447050037, 47.828632449885227 ], [ -65.606457090584087, 47.933634063385909 ], [ -65.85813437645848, 48.022246057271424 ], [ -66.0, 48.034802175904723 ], [ -66.0, 52.071145805572314 ], [ -65.998451263981536, 52.071311519271617 ], [ -65.989922425241488, 52.056616733138043 ], [ -65.978281897027713, 52.053116548907752 ], [ -65.962837741272352, 52.075950208099961 ], [ -65.977450287183657, 52.087728327281056 ], [ -65.968588659133147, 52.097478438568963 ], [ -65.972088648417611, 52.108895177380319 ], [ -65.916614416267564, 52.0940614713681 ], [ -65.898084398552385, 52.07753301367255 ], [ -65.887641127291531, 52.088727641549738 ], [ -65.896835836603415, 52.098616794549926 ], [ -65.871556557558151, 52.12031102302916 ], [ -65.836221816399956, 52.120310396449256 ], [ -65.818276886133631, 52.112643546256699 ], [ -65.802692915265879, 52.124976973845037 ], [ -65.799359658014836, 52.109449011213684 ], [ -65.778303290191033, 52.103059964581043 ], [ -65.773525432715402, 52.114671153872862 ], [ -65.74935807987967, 52.110948850618101 ], [ -65.732941743338458, 52.083115737857099 ], [ -65.716969772167829, 52.099644065523272 ], [ -65.687081366959958, 52.104228284472036 ], [ -65.666080704970383, 52.121728327593374 ], [ -65.661441805160692, 52.10008979257934 ], [ -65.639266772600791, 52.083532996944093 ], [ -65.648715439574232, 52.079561553574912 ], [ -65.649883578054698, 52.06708937164607 ], [ -65.640131167884448, 52.060283306855951 ], [ -65.66280523219821, 52.042506601424279 ], [ -65.676528157993573, 52.04167321343305 ], [ -65.661305317417501, 52.032395409261085 ], [ -65.674362158791951, 52.012645307983377 ], [ -65.663389848392399, 51.997339553248288 ], [ -65.647167117821184, 51.990950497651163 ], [ -65.634222015225362, 51.997339378894857 ], [ -65.643027206045801, 52.005811668526974 ], [ -65.6228271536297, 52.026755363756152 ], [ -65.630048562568248, 52.03814430944584 ], [ -65.621046325984381, 52.040282767392249 ], [ -65.620989008109532, 52.048088123183724 ], [ -65.578789791993003, 52.03467043083775 ], [ -65.538564311650831, 52.045391905295311 ], [ -65.547174947660778, 52.050836376095702 ], [ -65.533759724805918, 52.057975500202751 ], [ -65.539647911173432, 52.067364348785077 ], [ -65.517962395422671, 52.093171545379462 ], [ -65.502967152170967, 52.097061207511061 ], [ -65.507799452066308, 52.110366753952093 ], [ -65.49749557247587, 52.126089543935933 ], [ -65.479828144590897, 52.133395032264694 ], [ -65.479466710057778, 52.158367519858963 ], [ -65.453965610063008, 52.161311935416649 ], [ -65.453715594875121, 52.170256430556314 ], [ -65.485022360984559, 52.175756643410679 ], [ -65.469910635867791, 52.191534433575356 ], [ -65.412712505153763, 52.203533990770865 ], [ -65.382365510402337, 52.220226699496301 ], [ -65.35115702794954, 52.22094691941583 ], [ -65.34921162465568, 52.228057986030301 ], [ -65.332037251816942, 52.230751451396671 ], [ -65.34440369503163, 52.240141178510257 ], [ -65.305536035420857, 52.241279174010366 ], [ -65.298285626454032, 52.251501519321138 ], [ -65.277340293383475, 52.255445853896383 ], [ -65.267534032346447, 52.279001637190994 ], [ -65.249533252892391, 52.281557153521909 ], [ -65.234451814035637, 52.275974631733931 ], [ -65.243367135305633, 52.2614181727945 ], [ -65.227312306297137, 52.263640868084245 ], [ -65.216005793228661, 52.256168291066786 ], [ -65.199562945699256, 52.261808075652965 ], [ -65.213143762125711, 52.222472900232006 ], [ -65.208310659193884, 52.201055931759221 ], [ -65.182920626815957, 52.206639270725766 ], [ -65.170253561270144, 52.195305718982006 ], [ -65.1822819088827, 52.188777916922291 ], [ -65.169698614616465, 52.156471913543577 ], [ -65.14208650073239, 52.147110573994759 ], [ -65.136058631362047, 52.135527000089731 ], [ -65.158698527070158, 52.134332678988017 ], [ -65.14661508200156, 52.10458230493817 ], [ -65.127253173851045, 52.104359909358521 ], [ -65.1098078595316, 52.118971169828804 ], [ -65.096445745658158, 52.152693657145299 ], [ -65.100640093881808, 52.167638340819863 ], [ -65.0870008092555, 52.166804947970455 ], [ -65.084250778681806, 52.156165869793888 ], [ -65.059527804299677, 52.137748859677011 ], [ -65.023693059912489, 52.139248700281968 ], [ -64.984251587111928, 52.112474727408376 ], [ -64.956702300476607, 52.105815663341517 ], [ -64.931707362899246, 52.066626581918172 ], [ -64.904683065700226, 52.055297626566954 ], [ -64.906127543923773, 52.045297376884591 ], [ -64.8454046118581, 52.03877058788715 ], [ -64.825430321502324, 52.028380047268953 ], [ -64.830125300564433, 52.019463575335784 ], [ -64.806006834800115, 52.004456250760626 ], [ -64.823289200059861, 51.984599059112661 ], [ -64.841986781286906, 51.976379187647353 ], [ -64.810730413041327, 51.957206387920124 ], [ -64.813092400820508, 51.9484014203085 ], [ -64.773386892312104, 51.918473518873846 ], [ -64.777110403296732, 51.911558472524348 ], [ -64.704187069472766, 51.878668860101293 ], [ -64.727466721098935, 51.867893387108197 ], [ -64.730773973527008, 51.849536035217007 ], [ -64.75280356173657, 51.845314873794919 ], [ -64.741248465273301, 51.824511268114811 ], [ -64.7741694202996, 51.804732685288428 ], [ -64.767418846151614, 51.794482359277431 ], [ -64.781837005263966, 51.790148896123405 ], [ -64.780114596112313, 51.780176277275451 ], [ -64.763974341079404, 51.78023178003987 ], [ -64.767002754668496, 51.767564634519481 ], [ -64.759752530691401, 51.759425389306365 ], [ -64.738000871749549, 51.765453563157848 ], [ -64.726944878224884, 51.757370186373556 ], [ -64.696887276297844, 51.754648498681981 ], [ -64.710138257586237, 51.746175768617668 ], [ -64.698998354276327, 51.736064474673199 ], [ -64.706970996052206, 51.731258658044986 ], [ -64.69119218649783, 51.728397680776375 ], [ -64.697164552509406, 51.721397303884089 ], [ -64.680635769235977, 51.71964743620061 ], [ -64.68644147887575, 51.708174705040342 ], [ -64.674468598460336, 51.71270273112664 ], [ -64.67349615469098, 51.70114665339343 ], [ -64.632605548281717, 51.706230096691129 ], [ -64.640911359173515, 51.694285106754101 ], [ -64.630383135974469, 51.686284697279746 ], [ -64.63082745796973, 51.675923043472224 ], [ -64.615160146870693, 51.673395087581355 ], [ -64.607714991602137, 51.651392664573081 ], [ -64.62371572369527, 51.647531758696822 ], [ -64.616076328198687, 51.641614043226305 ], [ -64.620965348864914, 51.632974535455688 ], [ -64.604964372270828, 51.628917178472683 ], [ -64.600742040063565, 51.637695950394892 ], [ -64.551570077017885, 51.576967153030061 ], [ -64.54551401826447, 51.589747202396133 ], [ -64.537346655249877, 51.588609484349192 ], [ -64.520567461104775, 51.604307581496172 ], [ -64.449563262004148, 51.629615826612678 ], [ -64.433784614827772, 51.653393827801679 ], [ -64.437895682740233, 51.663366166808537 ], [ -64.426867767639791, 51.681919102826839 ], [ -64.387728166133442, 51.664249918479477 ], [ -64.360061295204545, 51.673189845240685 ], [ -64.34020033529373, 51.665602337586726 ], [ -64.325365377633844, 51.682578086475857 ], [ -64.327114348372035, 51.702693434822109 ], [ -64.298029029054689, 51.702447039205325 ], [ -64.313974124367022, 51.711613368513468 ], [ -64.297889718168534, 51.713615287476152 ], [ -64.300250441871327, 51.723811078428163 ], [ -64.278554334146193, 51.737424850186244 ], [ -64.27824854695875, 51.747425789636445 ], [ -64.29716607343039, 51.745147623108309 ], [ -64.307555062061951, 51.755926311044149 ], [ -64.310526893703098, 51.790537778431634 ], [ -64.296942926893109, 51.798454456624825 ], [ -64.337388932665306, 51.818537120891065 ], [ -64.342639413085834, 51.841590044869911 ], [ -64.357557524826547, 51.848141631118871 ], [ -64.36108586116282, 51.864999803699163 ], [ -64.353669328296007, 51.890330079516076 ], [ -64.345502201391341, 51.890774995291039 ], [ -64.345308210457134, 51.9060221649368 ], [ -64.363059043650992, 51.930770504166759 ], [ -64.343113764390679, 51.934881523654028 ], [ -64.354836252808255, 51.945048374560301 ], [ -64.34655810368622, 51.949631732977643 ], [ -64.352308298252581, 51.956826252459386 ], [ -64.344502220039629, 51.965604091740289 ], [ -64.363975031025291, 51.980965483605353 ], [ -64.341279623244716, 51.986687616382561 ], [ -64.365863639954341, 52.00621580891054 ], [ -64.318278013038608, 52.007021360285783 ], [ -64.313333969188733, 51.991965373099248 ], [ -64.277916195981334, 51.97315935164788 ], [ -64.234159576032084, 51.975440368417971 ], [ -64.232214301818487, 51.982829750634082 ], [ -64.283378681161068, 52.04055464542509 ], [ -64.27431952056854, 52.046167769816122 ], [ -64.285264978249089, 52.053611936199346 ], [ -64.28870547765176, 52.076725676214437 ], [ -64.29620731900809, 52.082113530228298 ], [ -64.266001901744758, 52.077258306067257 ], [ -64.250938302163505, 52.082790662167227 ], [ -64.259385837188319, 52.097927879263452 ], [ -64.251688165599774, 52.102901947037104 ], [ -64.259691443012287, 52.110011323227475 ], [ -64.257495861783838, 52.126512034403142 ], [ -64.243019732813252, 52.129597278273906 ], [ -64.254077397832788, 52.149235244696719 ], [ -64.165822521708378, 52.120346751810658 ], [ -64.17535039297789, 52.134069166418193 ], [ -64.163794223778481, 52.148152573133189 ], [ -64.199437179627139, 52.174956753673008 ], [ -64.218790866624119, 52.228056015079311 ], [ -64.233039172419652, 52.221918608880721 ], [ -64.222071724098043, 52.23627641796886 ], [ -64.232714364631647, 52.245302213210572 ], [ -64.224576824330683, 52.257440095308695 ], [ -64.239105051071036, 52.25955136078322 ], [ -64.254408900553926, 52.277469686206459 ], [ -64.237049122314147, 52.281773801922689 ], [ -64.239882488024989, 52.288190568844961 ], [ -64.230465307812111, 52.29310719232879 ], [ -64.219992820559227, 52.28369035033694 ], [ -64.208575761090245, 52.284995897555305 ], [ -64.213047962362651, 52.29741276798655 ], [ -64.230298488290416, 52.303968422348859 ], [ -64.222520358769117, 52.315357469178025 ], [ -64.208214134093652, 52.31471847954603 ], [ -64.190547119038015, 52.292412557039867 ], [ -64.190213505738825, 52.309051666630843 ], [ -64.166351554242624, 52.309857059404486 ], [ -64.172101519163391, 52.326857245123669 ], [ -64.190490768945622, 52.334302092369327 ], [ -64.160125234659446, 52.335831414988959 ], [ -64.167252574211929, 52.368004694238486 ], [ -64.1538066228361, 52.362227400407164 ], [ -64.134187517484492, 52.367842267590909 ], [ -64.126068537423819, 52.390401943115926 ], [ -64.11467742713036, 52.391875118570248 ], [ -64.121370137971908, 52.404681837889768 ], [ -64.106645914818671, 52.409127073634544 ], [ -64.136923185809863, 52.430628136481936 ], [ -64.129005944732683, 52.440628290005662 ], [ -64.138895223832009, 52.441767342007388 ], [ -64.148810321193906, 52.494824142316574 ], [ -64.158949480425179, 52.500074302087157 ], [ -64.149171044697454, 52.517602307753592 ], [ -64.175426222773908, 52.531322394964683 ], [ -64.164449197401154, 52.536435953160122 ], [ -64.168867368981239, 52.541824162269229 ], [ -64.232481376105213, 52.58317033050141 ], [ -64.198381268039157, 52.578345201469538 ], [ -64.20919353312884, 52.590536327327172 ], [ -64.19910730847522, 52.597148765652165 ], [ -64.174592210360544, 52.584600821213847 ], [ -64.169596528438873, 52.600848328529018 ], [ -64.158624905229431, 52.606319918866504 ], [ -64.176247049304024, 52.624314537394199 ], [ -64.161023232040591, 52.627481698679034 ], [ -64.15139121193522, 52.644116532159252 ], [ -64.156618676098148, 52.655530578927369 ], [ -64.170008580280438, 52.656169239571383 ], [ -64.175846379246536, 52.672194756395861 ], [ -64.13915041386376, 52.678805811479585 ], [ -64.141594975536151, 52.683305871865088 ], [ -64.12567761647324, 52.685583571770991 ], [ -64.124038528050818, 52.695278150247354 ], [ -64.150372524370866, 52.71677852601573 ], [ -64.141344344931923, 52.721472993470229 ], [ -64.148761097669819, 52.730028714365801 ], [ -64.080480526781542, 52.740611791926128 ], [ -64.054174175284871, 52.724111380562896 ], [ -64.035534526361374, 52.728555834991425 ], [ -64.041867932482944, 52.737167035901017 ], [ -64.033478673186778, 52.741194845685087 ], [ -64.008977757873936, 52.740472504524156 ], [ -63.987782709265304, 52.725638858469075 ], [ -63.937669532018859, 52.730471921521712 ], [ -63.919585423067225, 52.736999690331906 ], [ -63.929363511959856, 52.745694306391876 ], [ -63.919863004793015, 52.748388699818406 ], [ -63.925168731457354, 52.756638834894055 ], [ -63.888889597913192, 52.750694149187467 ], [ -63.901667668260622, 52.763722117324903 ], [ -63.885250415307262, 52.763805343950011 ], [ -63.87405534470966, 52.776083210943426 ], [ -63.853637800892535, 52.775360900344126 ], [ -63.824025770235124, 52.759888256134573 ], [ -63.78049619885897, 52.768193693026824 ], [ -63.775662658832054, 52.77508268316906 ], [ -63.751356179389703, 52.768610235047298 ], [ -63.722771644806386, 52.773221230004275 ], [ -63.736938795606548, 52.783304715294932 ], [ -63.717771289116548, 52.786971368133983 ], [ -63.719854454335099, 52.802054845461527 ], [ -63.696770178025602, 52.804499250411908 ], [ -63.700520202492548, 52.814693833445894 ], [ -63.68821416735463, 52.814416000034214 ], [ -63.685769703347802, 52.807276938582376 ], [ -63.660351475009882, 52.809693382636631 ], [ -63.637572889251359, 52.833138099960195 ], [ -63.682102271005427, 52.850583069109888 ], [ -63.670379399134681, 52.855499704694928 ], [ -63.613904255982391, 52.839165636890975 ], [ -63.60942887592374, 52.853804209613934 ], [ -63.626207545842533, 52.859832225557852 ], [ -63.617677896253625, 52.86477647751537 ], [ -63.626066936510661, 52.872387684447681 ], [ -63.6181747705633, 52.884220676482627 ], [ -63.600226412883934, 52.885414460965244 ], [ -63.608169209111807, 52.901219924829071 ], [ -63.603386787246812, 52.918330545071122 ], [ -63.566657256244376, 52.932329560952979 ], [ -63.574490816168606, 52.938329631445647 ], [ -63.568073913810601, 52.94466305229782 ], [ -63.548739882178225, 52.939273948452779 ], [ -63.511960374529011, 52.956357289354763 ], [ -63.446846855357869, 52.944884526114151 ], [ -63.451708536310655, 52.925023195768041 ], [ -63.46798704250358, 52.920828816296577 ], [ -63.48098792505602, 52.904523029610374 ], [ -63.470682424318113, 52.904578606508757 ], [ -63.460879350166394, 52.881550847976619 ], [ -63.447684940813375, 52.890134395200441 ], [ -63.434826394134028, 52.881551375784269 ], [ -63.42635294252775, 52.890551385390587 ], [ -63.396746052022188, 52.886940994794244 ], [ -63.401776758199617, 52.871913473089606 ], [ -63.381529483691274, 52.866052822771081 ], [ -63.393280782184988, 52.856913998163371 ], [ -63.36667163756681, 52.8489419788948 ], [ -63.388451402858642, 52.837469894677845 ], [ -63.368173733392233, 52.830914273531377 ], [ -63.355339462444817, 52.836997591556056 ], [ -63.330866863185634, 52.817608346228148 ], [ -63.318060835535753, 52.821913883506348 ], [ -63.314477573401589, 52.804496974648004 ], [ -63.298532601306697, 52.79855230457872 ], [ -63.288893585788443, 52.780718744310995 ], [ -63.296449684699148, 52.770274207529496 ], [ -63.317922548831724, 52.775968859696647 ], [ -63.315811510523723, 52.769246568246359 ], [ -63.242781630443673, 52.720439918945964 ], [ -63.220586367360681, 52.722912038451717 ], [ -63.189584617698443, 52.759023394205379 ], [ -63.172638840012375, 52.798996033710011 ], [ -63.154999314728364, 52.796523691099353 ], [ -63.164943922665266, 52.811579465120111 ], [ -63.154721183253031, 52.817440649132067 ], [ -63.114081119792509, 52.792384461562733 ], [ -63.065045525968017, 52.793828120309975 ], [ -63.052013137463867, 52.77488288903568 ], [ -63.019167222178588, 52.780742772807443 ], [ -63.005051003498259, 52.768630971979007 ], [ -63.0, 52.767359430206575 ], [ -63.0, 47.158037642982514 ] ] ], [ [ [ -66.0, 58.982238187448154 ], [ -65.975299026152072, 58.985205124164168 ], [ -65.94266368822241, 58.968705459946136 ], [ -65.932886555910727, 58.979289397735613 ], [ -65.937247386361889, 58.98584506844395 ], [ -65.9234989398621, 58.993123599168598 ], [ -65.938496848074465, 59.014568208056346 ], [ -65.919027073930692, 59.02248582945839 ], [ -65.924137281249784, 59.034902704174044 ], [ -65.91705474314665, 59.049514489427452 ], [ -65.924997899806101, 59.057375529392175 ], [ -65.853746808578251, 59.130293354333674 ], [ -65.863247414257671, 59.13784897236269 ], [ -65.849663614314977, 59.147043418396038 ], [ -65.848191088422197, 59.136348912301969 ], [ -65.836301855678244, 59.148348922130481 ], [ -65.830551758533659, 59.155237831755244 ], [ -65.84305246886106, 59.166237996366078 ], [ -65.82638361749548, 59.173654621813057 ], [ -65.799850218783604, 59.207127079152428 ], [ -65.865784684727203, 59.242375922158999 ], [ -65.858587886387454, 59.252736938537168 ], [ -65.861615390080601, 59.264264966620431 ], [ -65.849364809684516, 59.271737250772048 ], [ -65.852920172873553, 59.282070822561764 ], [ -65.64663592389104, 59.409907353640108 ], [ -65.589977067832592, 59.436216909062011 ], [ -65.601224818019148, 59.445910797705096 ], [ -65.570255539207778, 59.446467512488539 ], [ -65.565421805840856, 59.449245336520846 ], [ -65.57319979377246, 59.454551018984546 ], [ -65.559560426769622, 59.452134202802483 ], [ -65.530197722789353, 59.467384389483811 ], [ -65.508862704356375, 59.492357006503028 ], [ -65.51569623381414, 59.499162805553965 ], [ -65.501111962490427, 59.501329321954699 ], [ -65.473604189949583, 59.532411591784296 ], [ -65.478130998087067, 59.536772488739871 ], [ -65.469019657772947, 59.537772706088617 ], [ -65.437097292006342, 59.572301394340172 ], [ -65.441567346491752, 59.590690386658366 ], [ -65.460483691644356, 59.61391285532676 ], [ -65.482538987785688, 59.618412416724937 ], [ -65.502207191264233, 59.642441665823128 ], [ -65.533679033585827, 59.659191385065299 ], [ -65.541677778015639, 59.679968971140966 ], [ -65.567120650306151, 59.69099547060614 ], [ -65.559481697736715, 59.695329137583201 ], [ -65.563731261255498, 59.704495698809183 ], [ -65.552397815407346, 59.708440530634107 ], [ -65.568424699867194, 59.72274576200158 ], [ -65.554396386627786, 59.730718192009306 ], [ -65.559062572518542, 59.741968120741205 ], [ -65.512142962548126, 59.766968205456294 ], [ -65.492918853259482, 59.793385762395985 ], [ -65.476139055472231, 59.799609137255345 ], [ -65.461275664712105, 59.817915975806386 ], [ -65.42913314947333, 59.821695688384523 ], [ -65.389769452161602, 59.840640729911854 ], [ -65.388186402178292, 59.84808481541063 ], [ -65.337768058288304, 59.86047283271256 ], [ -65.335685455306702, 59.880916417297612 ], [ -65.310629588199163, 59.882554441904404 ], [ -65.255044788904627, 59.915164306427016 ], [ -65.263211703273953, 59.919497834315735 ], [ -65.259683495120385, 59.925886806748963 ], [ -65.23596035331002, 59.925747786106854 ], [ -65.230598693146362, 59.940081404964928 ], [ -65.202624635257393, 59.962053947325103 ], [ -65.206652368854179, 59.971220806427993 ], [ -65.140314665903418, 60.026805011743306 ], [ -65.13348041991236, 60.047166521007739 ], [ -65.142341463373725, 60.063916891527469 ], [ -65.037183006891894, 60.126421348186284 ], [ -65.010198404358448, 60.15917478883415 ], [ -64.991695071704385, 60.166675490007549 ], [ -65.006084531907675, 60.169925673099669 ], [ -64.998972829797083, 60.176425771092511 ], [ -64.978583216570371, 60.172036669839372 ], [ -64.965054698249844, 60.17823110690864 ], [ -64.965804288951176, 60.192009234410307 ], [ -64.947997037876235, 60.228787734059608 ], [ -64.961163943626389, 60.253426888179263 ], [ -64.948246979929081, 60.269119684466432 ], [ -64.864044450570702, 60.293531507149908 ], [ -64.871182635458581, 60.298003391931672 ], [ -64.857265071515485, 60.30194718812993 ], [ -64.832674612056962, 60.33924952656298 ], [ -64.855925018755897, 60.359694620957555 ], [ -64.852702338020038, 60.369222596418751 ], [ -64.730814967328399, 60.365276658729783 ], [ -64.662118623325227, 60.343302777222164 ], [ -64.624368115993548, 60.344187718726459 ], [ -64.531857352380371, 60.308831231252839 ], [ -64.522637842643405, 60.299277018065823 ], [ -64.531220553468643, 60.295970794562322 ], [ -64.571127532636183, 60.311354385043103 ], [ -64.598989178433783, 60.297439129900113 ], [ -64.682203631119251, 60.297747756514866 ], [ -64.706566146800583, 60.279303096482636 ], [ -64.736817213004599, 60.289247906081414 ], [ -64.781459209740774, 60.283055841941405 ], [ -64.816687110983821, 60.266809487677904 ], [ -64.838326398880838, 60.272282914179982 ], [ -64.859049957138382, 60.264173280413502 ], [ -64.847136533018784, 60.240812877098847 ], [ -64.852303433043346, 60.22642384373421 ], [ -64.832637478877416, 60.225311979388152 ], [ -64.821803415667091, 60.212366534645184 ], [ -64.750160425675404, 60.188585922791788 ], [ -64.742190281661806, 60.181086252195939 ], [ -64.755440760465717, 60.171420851334574 ], [ -64.727112211041572, 60.165197569323425 ], [ -64.726360949631612, 60.173141597632195 ], [ -64.700643521402924, 60.172640127124964 ], [ -64.692891957639517, 60.18266699695323 ], [ -64.66728916661549, 60.170416116290767 ], [ -64.610696866371654, 60.170916554242126 ], [ -64.594193863817623, 60.166000038750326 ], [ -64.607085176813769, 60.160222045894784 ], [ -64.592110392272332, 60.15233311510633 ], [ -64.604945848383693, 60.143583006772644 ], [ -64.599028404756496, 60.13538835310942 ], [ -64.580414819142788, 60.131499283104176 ], [ -64.586721442193607, 60.116499054340522 ], [ -64.634726660464821, 60.104999601560507 ], [ -64.639394290159203, 60.113305239708382 ], [ -64.66353586258532, 60.113138936162727 ], [ -64.676618577205659, 60.104194790529903 ], [ -64.768448855821589, 60.109891370713115 ], [ -64.709313132105876, 60.083500621869973 ], [ -64.703924362683779, 60.074583713749064 ], [ -64.714174819649713, 60.073000488936657 ], [ -64.711508158998754, 60.066416923269628 ], [ -64.72206449839058, 60.05736125664049 ], [ -64.776537339071012, 60.060222893732714 ], [ -64.824816613773351, 60.051028401709516 ], [ -64.920622935606048, 60.065502164913653 ], [ -64.889792352770371, 60.047334090143181 ], [ -64.874161713408796, 60.013748061128354 ], [ -64.851135984422626, 60.002330402463599 ], [ -64.874776311889946, 59.990385635117377 ], [ -64.872970456834253, 59.98294090955136 ], [ -64.836358775065491, 59.975912931232756 ], [ -64.844192210700214, 59.968829436372062 ], [ -64.83797004442556, 59.964829340893573 ], [ -64.775128636672434, 59.98221970440261 ], [ -64.773434829712301, 59.975191634386192 ], [ -64.742987866454087, 59.970219500572512 ], [ -64.748878575982872, 59.958385548125591 ], [ -64.743989984019265, 59.954885337147459 ], [ -64.686014917856198, 59.957801774864379 ], [ -64.652792162975459, 59.950800352490091 ], [ -64.665018090584681, 59.928688840746872 ], [ -64.620901710490728, 59.929379832924667 ], [ -64.642711185384599, 59.90613066265621 ], [ -64.656630033649321, 59.902076147602429 ], [ -64.659269728391962, 59.890187258661172 ], [ -64.680132673972821, 59.88021532750497 ], [ -64.762496943276005, 59.890299388951291 ], [ -64.759385936882779, 59.880854713965903 ], [ -64.769497769336567, 59.873326866902516 ], [ -64.734551902264457, 59.869437642661012 ], [ -64.725190618480156, 59.861298474964201 ], [ -64.785332300797791, 59.849520860773794 ], [ -64.794805303231215, 59.834298338977476 ], [ -64.819612028958659, 59.833409645308222 ], [ -64.820140106901988, 59.8219093457339 ], [ -64.789833639532731, 59.807436576391467 ], [ -64.809557016562962, 59.796797650669419 ], [ -64.812418670828777, 59.782436157999655 ], [ -64.805446483019125, 59.769130309185073 ], [ -64.787001509112372, 59.760435499752816 ], [ -64.793806508639648, 59.736157597316492 ], [ -64.758082333508753, 59.730601809845837 ], [ -64.748636085471446, 59.713296227378521 ], [ -64.78219145720584, 59.691379761646886 ], [ -64.772773021933972, 59.673796383672084 ], [ -64.809858005924298, 59.654462864621678 ], [ -64.798941654218083, 59.617517597393942 ], [ -64.815359289704816, 59.607267422804455 ], [ -64.804136885418359, 59.590072568421817 ], [ -64.812082262803699, 59.569655416551143 ], [ -64.83794451513586, 59.56765547443058 ], [ -64.839889350922135, 59.556655198683586 ], [ -64.817222040056492, 59.540099216198371 ], [ -64.825555999162702, 59.529015693286965 ], [ -64.810139330002244, 59.509570705280908 ], [ -64.810778516823802, 59.497987105165009 ], [ -64.749025696190529, 59.490153164155515 ], [ -64.731081539328613, 59.46743003270899 ], [ -64.693526456101836, 59.462207065265545 ], [ -64.675413865366295, 59.44584548309416 ], [ -64.63885888368128, 59.462178727910327 ], [ -64.629886051125368, 59.482790330931834 ], [ -64.578521157101022, 59.470345648892874 ], [ -64.554322417289256, 59.491152030354499 ], [ -64.49651312350403, 59.504513169729989 ], [ -64.515374431690532, 59.516624766581515 ], [ -64.456349707216873, 59.524040223128111 ], [ -64.442017357728503, 59.534984439095524 ], [ -64.324060079676542, 59.511345717540735 ], [ -64.333781312600252, 59.49856806806747 ], [ -64.363898861903635, 59.496761728188403 ], [ -64.364593605136292, 59.487150386227881 ], [ -64.385459170464685, 59.484899883635251 ], [ -64.381263995255949, 59.477538712133196 ], [ -64.409214312618531, 59.479621487596773 ], [ -64.456853993244408, 59.459704972500049 ], [ -64.465077394067691, 59.446871384586984 ], [ -64.486827398123296, 59.445121576279632 ], [ -64.480633185777151, 59.443065893181085 ], [ -64.514303802084839, 59.422926401181485 ], [ -64.472441601719026, 59.419537116662809 ], [ -64.476080725031409, 59.415564808671661 ], [ -64.462468411971372, 59.411370247822049 ], [ -64.525080692045265, 59.399842766479424 ], [ -64.530635163405293, 59.391148314181748 ], [ -64.521550846120306, 59.386481517705761 ], [ -64.535272129834993, 59.375148215679815 ], [ -64.534187547838826, 59.36603703488953 ], [ -64.491655392094742, 59.349647879333475 ], [ -64.514709932731648, 59.333258933997513 ], [ -64.520182780618541, 59.318369739442062 ], [ -64.557684429537233, 59.31664778228793 ], [ -64.535322702190228, 59.303619504113044 ], [ -64.542406743611707, 59.290313755732427 ], [ -64.519072373943914, 59.288119134291946 ], [ -64.506600012024137, 59.274174262979898 ], [ -64.489044941442671, 59.270896257991012 ], [ -64.511409297139608, 59.235201016736141 ], [ -64.506160479603182, 59.227672911127911 ], [ -64.534940856717697, 59.220533924708263 ], [ -64.471141058367095, 59.179504128717326 ], [ -64.479642510424867, 59.170698337837393 ], [ -64.4744479992724, 59.163837007056713 ], [ -64.480638395222797, 59.140697505270396 ], [ -64.492248617307268, 59.133725241970694 ], [ -64.482522784674472, 59.116252465793139 ], [ -64.489492892075532, 59.103252198063615 ], [ -64.452407526119771, 59.100418491569258 ], [ -64.435380325488154, 59.107140807251824 ], [ -64.435293257979254, 59.08794583023564 ], [ -64.421681320718221, 59.086306876848596 ], [ -64.419791932400358, 59.078834453935997 ], [ -64.407458985351582, 59.08905685078355 ], [ -64.368736896630082, 59.098556839354274 ], [ -64.359179154562582, 59.078111819224773 ], [ -64.363847385617646, 59.068806132206134 ], [ -64.31590499037128, 59.068916993089999 ], [ -64.301744206069316, 59.043944300899227 ], [ -64.277913164620031, 59.03608293412816 ], [ -64.27835873962556, 59.025499423918063 ], [ -64.265387574621229, 59.013999081211864 ], [ -64.281333152456, 59.004971251732513 ], [ -64.350221808894389, 58.996638086248595 ], [ -64.354303360959136, 59.004721561835311 ], [ -64.373022192597034, 59.008860613187778 ], [ -64.377383362809553, 59.002499355236978 ], [ -64.392797252133505, 59.005666083497601 ], [ -64.45218792282617, 58.984416036758432 ], [ -64.472244427151679, 58.984221679154643 ], [ -64.47727044186729, 58.992805236613606 ], [ -64.468740387699768, 59.002416424895671 ], [ -64.492935478049503, 59.016555766804686 ], [ -64.515522569520783, 59.019139415612131 ], [ -64.514134259342882, 59.005500207160196 ], [ -64.539612833779245, 59.003055973669063 ], [ -64.544529739160225, 59.011778422924351 ], [ -64.561143947440769, 59.015750938251358 ], [ -64.576587456506616, 59.039140439070536 ], [ -64.59933790468807, 59.037529360387111 ], [ -64.608003236709862, 59.044362783978329 ], [ -64.670668210376789, 59.038807244371128 ], [ -64.684278701307449, 59.074141585176619 ], [ -64.735281053339634, 59.078753017371469 ], [ -64.742892808863814, 59.069725013752134 ], [ -64.7818114395252, 59.0735588724134 ], [ -64.793478974990308, 59.066475467927319 ], [ -64.828147521276207, 59.07203160901463 ], [ -64.826203323279742, 59.043225227928986 ], [ -64.838231842508605, 59.030919452868375 ], [ -64.83095397481128, 59.019557922911531 ], [ -64.861149769718963, 59.015919128639382 ], [ -64.870205971571124, 59.003779972624613 ], [ -64.866428205190005, 58.988612882381631 ], [ -64.840788346188617, 58.983057058891518 ], [ -64.834455199443369, 58.958056553069127 ], [ -64.888068975551732, 58.948862198427094 ], [ -64.889458200513843, 58.941639882706454 ], [ -64.862873521456038, 58.940417486755621 ], [ -64.859901388800495, 58.931306168185074 ], [ -64.833789081378427, 58.928611535849484 ], [ -64.832178125596386, 58.919694655330034 ], [ -64.817399671903502, 58.915055501634356 ], [ -64.762313599571598, 58.920444158882731 ], [ -64.745423703764061, 58.933222066004816 ], [ -64.759813244659085, 58.938277812167541 ], [ -64.732784185055664, 58.950194487678459 ], [ -64.650978295932305, 58.940638153934174 ], [ -64.627787001459865, 58.930888010043532 ], [ -64.612483782832953, 58.905470928073726 ], [ -64.563403509368072, 58.899720798048293 ], [ -64.548375437235052, 58.885609316681041 ], [ -64.517513153572111, 58.882497915555291 ], [ -64.460371163159436, 58.908359198205574 ], [ -64.424647554169553, 58.905025556590942 ], [ -64.423592280835862, 58.891525291091796 ], [ -64.416675465344838, 58.889330718980602 ], [ -64.386479339797631, 58.904053099500061 ], [ -64.353478290784494, 58.892969306701502 ], [ -64.305253706946871, 58.902024737830004 ], [ -64.239724347199228, 58.861051189032253 ], [ -64.228613402050428, 58.833383878907341 ], [ -64.236586196195674, 58.822605943141241 ], [ -64.226558257681404, 58.815744567109277 ], [ -64.243281585881959, 58.800994400300624 ], [ -64.231586914116406, 58.786605085002407 ], [ -64.205030391787318, 58.781354867116363 ], [ -64.175612272767069, 58.78804924436497 ], [ -64.172084819541453, 58.774298912198219 ], [ -64.146497725408892, 58.748409383590513 ], [ -64.077540938688458, 58.762742614370552 ], [ -64.074404945707897, 58.782715223878711 ], [ -64.041432937105981, 58.79343745440616 ], [ -64.040879995917066, 58.810854497134358 ], [ -63.998989845356903, 58.814465327399205 ], [ -63.973824778663754, 58.831548837738922 ], [ -63.948739816330999, 58.827826447469079 ], [ -63.899071500800176, 58.839326544126095 ], [ -63.864375998584933, 58.83390933308084 ], [ -63.839343578012517, 58.849578503979046 ], [ -63.807676458660183, 58.84857758781294 ], [ -63.797203043088018, 58.856994913738617 ], [ -63.799173776605812, 58.866357219955489 ], [ -63.783340660588181, 58.870745336388552 ], [ -63.785200070086091, 58.883913369799075 ], [ -63.731008102301928, 58.878992784412276 ], [ -63.712396029110948, 58.887492807538536 ], [ -63.68131157955429, 58.880881375910064 ], [ -63.679061827871806, 58.864325460561531 ], [ -63.657033285538375, 58.853769891643367 ], [ -63.580778086095677, 58.852466696927536 ], [ -63.504778588176521, 58.794406210134071 ], [ -63.489584289742368, 58.767461057924834 ], [ -63.466472303482362, 58.763655284168237 ], [ -63.499612709917301, 58.754766359126563 ], [ -63.504168832261769, 58.741793939376748 ], [ -63.550893147310603, 58.737988619742623 ], [ -63.557199176256745, 58.728266224807612 ], [ -63.584311235895882, 58.732294223557119 ], [ -63.632785855162638, 58.719488703429818 ], [ -63.658008988878976, 58.725822327134779 ], [ -63.681343549238875, 58.717266754136801 ], [ -63.698955222420807, 58.720044747920781 ], [ -63.71517849587957, 58.707044583339666 ], [ -63.747068406403514, 58.717489378940911 ], [ -63.786792658730519, 58.704600553492014 ], [ -63.80720996858463, 58.712684109645693 ], [ -63.864040407731352, 58.703989968894575 ], [ -63.888536900050667, 58.710962545192046 ], [ -63.921644805721542, 58.705851620523845 ], [ -63.949118623814343, 58.689351432088188 ], [ -64.043177780231701, 58.701741129044024 ], [ -64.079652468739653, 58.663629516452545 ], [ -64.080625075481976, 58.648407054187771 ], [ -64.106325051935073, 58.638295866079829 ], [ -64.145834443328454, 58.60623976879333 ], [ -64.090628421242229, 58.589322695667704 ], [ -64.114189813182122, 58.57951699896654 ], [ -64.102106630687899, 58.56259985465465 ], [ -64.088604940725872, 58.559016424035008 ], [ -64.07691256743459, 58.540015817744177 ], [ -64.059993695602714, 58.539349147354528 ], [ -64.03365855681551, 58.52284866720521 ], [ -64.019349891894706, 58.533348823002655 ], [ -63.994180212927404, 58.526848602868768 ], [ -63.952233627238456, 58.538181973587484 ], [ -63.945788647237976, 58.551043279151486 ], [ -63.932982421161626, 58.55276547042746 ], [ -63.915481291975652, 58.572487944536988 ], [ -63.86621024253941, 58.567903938575171 ], [ -63.866543776143089, 58.555542562058292 ], [ -63.851629382818373, 58.543236560952323 ], [ -63.858823395174625, 58.521736148162972 ], [ -63.853296839577979, 58.502569023100023 ], [ -63.813212051619587, 58.498985375321354 ], [ -63.810239568468944, 58.484207220119174 ], [ -63.844439103174523, 58.456429051487021 ], [ -63.84985637932715, 58.443623231479819 ], [ -63.882023017421545, 58.440678963800508 ], [ -63.886884976206261, 58.433623279924802 ], [ -63.912410718414321, 58.445373863642203 ], [ -63.985302800550642, 58.443235348300732 ], [ -63.995556155139241, 58.428957259969479 ], [ -64.011196472605434, 58.426235013246696 ], [ -64.012087039998278, 58.415456978409793 ], [ -64.028226859567553, 58.400984570164667 ], [ -64.029727949020071, 58.364567140985912 ], [ -64.104365713955929, 58.374151282104151 ], [ -64.121224672974904, 58.362762287646092 ], [ -64.150998255217985, 58.371234904282232 ], [ -64.166412981467829, 58.366151629119315 ], [ -64.169524819783135, 58.342873394352523 ], [ -64.181303218849507, 58.336678877805866 ], [ -64.173109810198753, 58.327289753257105 ], [ -64.179058133720162, 58.309039334462909 ], [ -64.189640052140248, 58.318150728044088 ], [ -64.195280108215854, 58.313678480425438 ], [ -64.197452069415192, 58.288205662433597 ], [ -64.181396848720397, 58.283594288448 ], [ -64.205037970198021, 58.27756655292626 ], [ -64.201233898139037, 58.269121925299942 ], [ -64.213485525768988, 58.263982984886127 ], [ -64.219155325527481, 58.246760377673013 ], [ -64.257907480976485, 58.223510173565614 ], [ -64.434443119012258, 58.198816352620781 ], [ -64.422692798126832, 58.193455012013942 ], [ -64.418192989293289, 58.181121392001899 ], [ -64.427166137651056, 58.158732088483134 ], [ -64.424305315858817, 58.141148438323796 ], [ -64.44311176627815, 58.131898354530279 ], [ -64.421084347347403, 58.082841636307705 ], [ -64.436751707237647, 58.078313879705149 ], [ -64.431307261223651, 58.068785863672133 ], [ -64.407362033796346, 58.062841150997826 ], [ -64.384833070326238, 58.070702267812749 ], [ -64.349109451008587, 58.069340884528401 ], [ -64.313132143910195, 58.058507182315225 ], [ -64.301907678325051, 58.046367974600287 ], [ -64.283764461830515, 58.045506796705581 ], [ -64.261397529466421, 58.065645980748855 ], [ -64.254646628950468, 58.041200966139513 ], [ -64.219977452239618, 58.034895084368088 ], [ -64.238228442400725, 58.029450670531901 ], [ -64.242145515193954, 58.019117128832249 ], [ -64.233895220348359, 58.017117053909828 ], [ -64.225620107219243, 57.98836638922262 ], [ -64.197066556220136, 57.973088096215747 ], [ -64.193408629831765, 57.93300380959937 ], [ -64.184937757477428, 57.924753633979378 ], [ -64.161103934855987, 57.923170102470237 ], [ -64.163599724540234, 57.942781635763936 ], [ -64.141739168185893, 57.942559290738529 ], [ -64.126825353648599, 57.921364272711799 ], [ -64.111658006739333, 57.924280915977022 ], [ -64.094019040027717, 57.916530569044767 ], [ -64.08707389351747, 57.931419753339355 ], [ -64.058234313276671, 57.922836277221904 ], [ -64.049788191402229, 57.931225356088362 ], [ -64.036839381614982, 57.909974939644201 ], [ -64.00902606539978, 57.905419391242219 ], [ -63.990995023344851, 57.915252884904419 ], [ -63.96929990374224, 57.903835840659497 ], [ -63.947326685026496, 57.904863532170964 ], [ -63.939465585416315, 57.892029888050388 ], [ -63.921325760448667, 57.89905768443964 ], [ -63.912492538806362, 57.912307902047758 ], [ -63.899744969584106, 57.912863248959127 ], [ -63.900968318893149, 57.856862133489813 ], [ -63.887526935536584, 57.838167063113929 ], [ -63.907885539482891, 57.828139408559935 ], [ -63.895167417970015, 57.818888923814995 ], [ -63.888699714783286, 57.800416180291847 ], [ -63.909892913567262, 57.796249609673907 ], [ -63.900536971982092, 57.776665606400456 ], [ -63.905097663769936, 57.753803964058761 ], [ -63.883181759691865, 57.715580771264399 ], [ -63.868625679822571, 57.710219455207323 ], [ -63.846541246014965, 57.719552864824436 ], [ -63.822704349312573, 57.713302707917535 ], [ -63.810645548455796, 57.688913426142221 ], [ -63.779441158675866, 57.694441468129924 ], [ -63.778495744722534, 57.724608790140849 ], [ -63.751487094546462, 57.727831256553316 ], [ -63.753210374727928, 57.702136270827168 ], [ -63.739320240337861, 57.683858115588578 ], [ -63.737015302098484, 57.662246492475276 ], [ -63.765631075287445, 57.650551765499472 ], [ -63.77049404980005, 57.659468647725987 ], [ -63.824645886065127, 57.647468149655879 ], [ -63.824865289377783, 57.635190150517815 ], [ -63.810915220032769, 57.621745507535934 ], [ -63.849060251561752, 57.617967727864823 ], [ -63.834690535310813, 57.596411804060153 ], [ -63.838940018023379, 57.589606190872303 ], [ -63.829186417435096, 57.583661619285294 ], [ -63.834743243498053, 57.56588348301392 ], [ -63.805241472743091, 57.554938652920157 ], [ -63.768268414446538, 57.526937905245518 ], [ -63.768213527287628, 57.496853989305407 ], [ -63.75587985291105, 57.487742630160938 ], [ -63.766658393687123, 57.478103580363097 ], [ -63.759491569349677, 57.47207562875343 ], [ -63.765464137158119, 57.468603426740742 ], [ -63.763019889301347, 57.454575368298606 ], [ -63.736272598539301, 57.428407882442571 ], [ -63.741438629499442, 57.419157809605622 ], [ -63.732940966790579, 57.416046525813272 ], [ -63.715469865062062, 57.438074538382807 ], [ -63.710832712371314, 57.432768816798443 ], [ -63.718668089041842, 57.409296166149318 ], [ -63.728943447136089, 57.409629600931112 ], [ -63.710616457783942, 57.397129125368735 ], [ -63.713840421656414, 57.385017774947698 ], [ -63.698039526268758, 57.366989426249859 ], [ -63.729789144371068, 57.358711745126755 ], [ -63.755210512663098, 57.341433707458577 ], [ -63.77376795665748, 57.338128177850479 ], [ -63.782042603250716, 57.348961884335324 ], [ -63.794293221081034, 57.348600812699431 ], [ -63.795241589645343, 57.336350503898984 ], [ -63.807437553637385, 57.325433691284218 ], [ -63.824794117324473, 57.349767741783978 ], [ -63.842824013205018, 57.346934428979864 ], [ -63.844772186452985, 57.333684088034545 ], [ -63.862689925304835, 57.324822943068455 ], [ -63.865718453148077, 57.29285014898403 ], [ -63.879052620181994, 57.284488941524842 ], [ -63.881053056160795, 57.265905251092647 ], [ -63.865747919698549, 57.222793238803092 ], [ -63.885360355036596, 57.196681711391705 ], [ -63.841552783292229, 57.206126067985906 ], [ -63.840191061534199, 57.229515416348875 ], [ -63.828329282044024, 57.237487693569676 ], [ -63.809939912343395, 57.225765098326008 ], [ -63.786911179758022, 57.229265075913929 ], [ -63.764271575957082, 57.221125839611545 ], [ -63.75966065089392, 57.201875441475011 ], [ -63.775411201220379, 57.205736729220575 ], [ -63.796078960929037, 57.194292232421788 ], [ -63.791884612210822, 57.181597451471248 ], [ -63.781939830736235, 57.178041764243744 ], [ -63.785384746039938, 57.168319376310819 ], [ -63.773855630187256, 57.154902352747911 ], [ -63.778966354089903, 57.150819035784764 ], [ -63.766993942785518, 57.143346545541135 ], [ -63.781519352362182, 57.12615178818146 ], [ -63.774740601611938, 57.102040128046326 ], [ -63.791100168691173, 57.115262716472273 ], [ -63.820226734654284, 57.080734136654883 ], [ -63.885672014114448, 57.090206892653839 ], [ -63.887642353848321, 57.082262258733351 ], [ -63.902254243623872, 57.077373372472721 ], [ -63.903615527596685, 57.06781763745488 ], [ -63.888920827971674, 57.053233954215727 ], [ -63.889088472369679, 57.013677626482377 ], [ -63.861643222867144, 56.997482748713082 ], [ -63.881061161929495, 56.977760226372993 ], [ -63.905534084556564, 56.988705040496598 ], [ -63.91206229691926, 56.984566086634857 ], [ -63.91509042402015, 56.973371432097622 ], [ -63.901617870927282, 56.962787791481958 ], [ -63.910508034926181, 56.926120339551574 ], [ -63.870565665175491, 56.898453064672083 ], [ -63.914787167377767, 56.876647169434136 ], [ -64.008266440374484, 56.859314223978004 ], [ -64.015408026732757, 56.846814080134266 ], [ -64.006404984134065, 56.838480413967829 ], [ -64.010767903618842, 56.830952598275644 ], [ -64.000180857334215, 56.826313379538476 ], [ -64.009934420111108, 56.818980113650412 ], [ -64.003015851619239, 56.793451606692258 ], [ -64.008045777241193, 56.778229124868403 ], [ -64.087572642804503, 56.767480367604605 ], [ -64.07732088661669, 56.755868967232004 ], [ -64.076237605527069, 56.735868518249163 ], [ -64.083989926227389, 56.732590866251371 ], [ -64.099184678207507, 56.746118997839289 ], [ -64.106879882211729, 56.730507578153777 ], [ -64.121408216019802, 56.732452172144349 ], [ -64.117158235495253, 56.720479735665663 ], [ -64.143159751881456, 56.703479612394801 ], [ -64.131464857247067, 56.701090587986243 ], [ -64.12885389147101, 56.690451484131131 ], [ -64.113908796266287, 56.686534666196565 ], [ -64.117770311167078, 56.678340061020833 ], [ -64.090462927673627, 56.662756205115556 ], [ -64.101739973394331, 56.655700548763775 ], [ -64.012938832746784, 56.660782520932514 ], [ -64.024609086864189, 56.65661605589429 ], [ -64.019107220742455, 56.650115823059309 ], [ -64.037945492167353, 56.643643832619205 ], [ -64.033804380133574, 56.630726920996551 ], [ -64.041860512556298, 56.620004601457822 ], [ -64.058084670880419, 56.6142546929849 ], [ -64.0427760637088, 56.60953216843609 ], [ -64.038607484262116, 56.596309690112093 ], [ -64.027995640786855, 56.600198567441964 ], [ -64.028328586388284, 56.591170639567679 ], [ -64.005382359350506, 56.592837137662059 ], [ -63.986576295624786, 56.573642211815411 ], [ -63.986159976499891, 56.561697530407343 ], [ -63.943547649126629, 56.539835223582372 ], [ -63.93796473355394, 56.526973817117948 ], [ -63.944133750980711, 56.495445463491762 ], [ -63.93224599451662, 56.47541709120668 ], [ -63.914855462242542, 56.464833203636033 ], [ -63.885937438886117, 56.472527628490298 ], [ -63.869715115659233, 56.446832623184605 ], [ -63.879632227903983, 56.444082595547684 ], [ -63.875187867984152, 56.434637931360612 ], [ -63.900438855828043, 56.438138207785755 ], [ -63.90957823182282, 56.434304849185253 ], [ -63.90730045150741, 56.426971305456675 ], [ -63.988990523257939, 56.410834167863243 ], [ -64.097215338677643, 56.429974163699285 ], [ -64.104183294985148, 56.444696560589364 ], [ -64.129438375397797, 56.431807760666345 ], [ -64.156379886414413, 56.44511357437392 ], [ -64.163107582081466, 56.42825231293881 ], [ -64.18335864230238, 56.429696897802103 ], [ -64.176748861351996, 56.422669026177914 ], [ -64.148109350615186, 56.420279944426113 ], [ -64.145998969778589, 56.40261301836 ], [ -64.122580678500526, 56.40444622144588 ], [ -64.097188714634228, 56.393723804193996 ], [ -64.113244599681764, 56.381445913476568 ], [ -64.14827657105667, 56.378668152205819 ], [ -64.1475262348672, 56.371640304880714 ], [ -64.128440575810487, 56.375279145704042 ], [ -64.12482839903447, 56.366862400772789 ], [ -64.097100756155498, 56.35697337479445 ], [ -64.105850989063015, 56.345556603964383 ], [ -64.090624137154748, 56.332111998503478 ], [ -64.146105688636339, 56.308833866441375 ], [ -64.149966512220658, 56.30083372870314 ], [ -64.075012498710009, 56.290166746317368 ], [ -64.09270779639661, 56.268638772578981 ], [ -64.12262645475505, 56.261166570500905 ], [ -64.090485464178641, 56.255777369068596 ], [ -64.016290199404466, 56.26786035403137 ], [ -63.973092976118096, 56.256803955584132 ], [ -63.941565733010691, 56.267275671155062 ], [ -63.909589867356658, 56.235246642210996 ], [ -63.906256561254224, 56.22669096690322 ], [ -63.915090340553945, 56.221718695905395 ], [ -63.866838204218254, 56.235301958535274 ], [ -63.860837969022782, 56.227774002899366 ], [ -63.870699638510587, 56.223801728670026 ], [ -63.8594216171075, 56.210607014784784 ], [ -63.87761709948046, 56.198412498816367 ], [ -64.014773588976027, 56.170219256461621 ], [ -64.04260561928055, 56.149246921255212 ], [ -64.027190470933931, 56.149163401663429 ], [ -64.032635221857504, 56.140524420366148 ], [ -64.00249894801442, 56.131884929633372 ], [ -64.016748347627299, 56.128051748491998 ], [ -64.005860388035956, 56.117884761391792 ], [ -64.017778133558409, 56.092939923310098 ], [ -64.060197150870636, 56.083551078154699 ], [ -64.038196344237974, 56.077689784235474 ], [ -64.031418479739159, 56.068217339519776 ], [ -64.035418896964472, 56.061689418479773 ], [ -64.012751166891292, 56.066411582445085 ], [ -64.016028872887432, 56.073522892365361 ], [ -64.009473074587902, 56.076078431229632 ], [ -63.946880286455666, 56.055827428011128 ], [ -63.938517322117832, 56.070216528108347 ], [ -63.931182734476238, 56.068244118310361 ], [ -63.930071184029089, 56.079716584267999 ], [ -63.915457487477283, 56.080494215812394 ], [ -63.917957507865083, 56.08891103338442 ], [ -63.907150901170326, 56.093633264644097 ], [ -63.889067041289479, 56.091133106185339 ], [ -63.871594710486477, 56.071521518642442 ], [ -63.847676779261405, 56.083410453395061 ], [ -63.826260178949383, 56.082604795088741 ], [ -63.820177576040976, 56.072882438207955 ], [ -63.832648989156269, 56.056576588330643 ], [ -63.827177362719397, 56.05402094143551 ], [ -63.839482727174072, 56.048687641860738 ], [ -63.797985788072594, 56.050548687103969 ], [ -63.730600408378507, 56.068020920111394 ], [ -63.691569728941261, 56.060964815363263 ], [ -63.669594146797067, 56.03957488327228 ], [ -63.683567596666535, 56.035713928667519 ], [ -63.67012163009332, 56.035796959321033 ], [ -63.671426789399959, 56.029546777545306 ], [ -63.688456303741418, 56.025546952934405 ], [ -63.641064152094259, 56.029768764223434 ], [ -63.633979895035509, 56.023601823601268 ], [ -63.615091226935988, 56.034463207887597 ], [ -63.609256991554446, 56.026129557047284 ], [ -63.575866449816829, 56.023018123399652 ], [ -63.504420785458649, 56.04474049071257 ], [ -63.445497483665463, 56.032544323013894 ], [ -63.461081385781938, 56.01171075243991 ], [ -63.491888547321366, 56.006627681732311 ], [ -63.467581238163518, 55.998654864290472 ], [ -63.473331865974956, 55.989710377607082 ], [ -63.486276935284081, 55.98854390626235 ], [ -63.508861356632622, 56.003544487992315 ], [ -63.561197317247377, 56.003989475239905 ], [ -63.578559002941745, 55.990906074465954 ], [ -63.60081002681568, 55.990322897293424 ], [ -63.625116999083161, 55.967017056815337 ], [ -63.664340745495508, 55.970684024251 ], [ -63.684760661779023, 55.960962135270393 ], [ -63.681704870719159, 55.949322909891464 ], [ -63.714765350426262, 55.949907098034316 ], [ -63.711848471826897, 55.940073499877769 ], [ -63.725378505652372, 55.930795876695015 ], [ -63.758826461059471, 55.936352136235996 ], [ -63.796910760328615, 55.92996334040123 ], [ -63.829246374898844, 55.909074411961058 ], [ -63.826940250648136, 55.897463112405092 ], [ -63.844607120676471, 55.888213061337751 ], [ -63.812049082460021, 55.859267906916557 ], [ -63.775547419702662, 55.855934278405527 ], [ -63.764240914971197, 55.846184080086573 ], [ -63.787213640691846, 55.837961930717597 ], [ -63.822298406302366, 55.838323209275075 ], [ -63.816020334983989, 55.830211920400188 ], [ -63.826576237097299, 55.828934241069817 ], [ -63.835604743024192, 55.815434045457778 ], [ -63.828243430935743, 55.809628305588831 ], [ -63.831993669797782, 55.804489394776908 ], [ -63.772157751128418, 55.809683599088885 ], [ -63.770935754976904, 55.795377890171324 ], [ -63.757879586494198, 55.797266758656633 ], [ -63.769630344905067, 55.789905534165996 ], [ -63.727851051370806, 55.779044113029499 ], [ -63.713628133647546, 55.780210756309089 ], [ -63.704905355105154, 55.790683129835315 ], [ -63.663736999324158, 55.791627395123669 ], [ -63.682238023285436, 55.777127216540862 ], [ -63.672126716111677, 55.765571453910468 ], [ -63.676377098253226, 55.75812692142847 ], [ -63.709545145844231, 55.754127054426419 ], [ -63.713989920622055, 55.749127011406983 ], [ -63.700711590580113, 55.744404640545667 ], [ -63.723573757066788, 55.737571304469668 ], [ -63.694933748192796, 55.732904399954009 ], [ -63.697933913446434, 55.727459953091795 ], [ -63.730768646981574, 55.724904441975639 ], [ -63.702517416803232, 55.723182098358222 ], [ -63.726685352092261, 55.709681968809775 ], [ -63.720823982057937, 55.705904141988412 ], [ -63.721768698174401, 55.691348429936568 ], [ -63.730296755779193, 55.68690385551804 ], [ -63.72488002272712, 55.679625967887148 ], [ -63.749797867571715, 55.671125900644597 ], [ -63.747464468378098, 55.662903474193058 ], [ -63.766743223060246, 55.654236831271874 ], [ -63.731519656540456, 55.651264432199355 ], [ -63.713852019862202, 55.659431228786275 ], [ -63.64209937544166, 55.643347426301034 ], [ -63.648877579949726, 55.635958386357231 ], [ -63.682629043475686, 55.636152925308238 ], [ -63.678545824937657, 55.625652679315863 ], [ -63.68640742486383, 55.616485857554494 ], [ -63.654628478250402, 55.606652139340383 ], [ -63.670045990105962, 55.599735381679523 ], [ -63.680852457810374, 55.575179375659104 ], [ -63.663573618827286, 55.567734730932671 ], [ -63.672379614132581, 55.565540340593884 ], [ -63.669157203773523, 55.557373533391626 ], [ -63.653378596085986, 55.555873423654248 ], [ -63.667712329688072, 55.538734347772163 ], [ -63.693353906097059, 55.538734427906661 ], [ -63.69127086344065, 55.510845075451982 ], [ -63.780253718321205, 55.473649946614273 ], [ -63.797809939585022, 55.473872274112352 ], [ -63.791726632190887, 55.464483217817758 ], [ -63.745641220584389, 55.454927227852409 ], [ -63.733723048505453, 55.439954759870886 ], [ -63.673325415060219, 55.423565869216532 ], [ -63.60601614389418, 55.430010096741796 ], [ -63.575238127046305, 55.422426365220986 ], [ -63.53424078887781, 55.427370186334372 ], [ -63.526574786086599, 55.419425463409141 ], [ -63.483131463461348, 55.42681395405333 ], [ -63.449713619117176, 55.420452503636398 ], [ -63.449241211388426, 55.412563502366027 ], [ -63.428822707508971, 55.402118953866022 ], [ -63.347265054957688, 55.417007395029486 ], [ -63.31940111316726, 55.409229580074054 ], [ -63.332011581989889, 55.390534991391235 ], [ -63.32242559860947, 55.364812617548409 ], [ -63.348453157830761, 55.357979431529088 ], [ -63.370343459071648, 55.362174040573734 ], [ -63.44315296569772, 55.342924074507437 ], [ -63.490299091639088, 55.349840550657632 ], [ -63.581608869368438, 55.339396556036661 ], [ -63.597221030641549, 55.331118680394468 ], [ -63.58899733961772, 55.32028518076072 ], [ -63.530635112588527, 55.324645929212124 ], [ -63.519884571585976, 55.310062240137654 ], [ -63.617606876629111, 55.295229471129744 ], [ -63.644190329274579, 55.286257294010454 ], [ -63.641217247253905, 55.279590581097182 ], [ -63.683636063151084, 55.266951744575977 ], [ -63.64990903288782, 55.251423607192976 ], [ -63.596768105560443, 55.253256622431422 ], [ -63.624963533124912, 55.241534396272073 ], [ -63.614574550057739, 55.228784115755843 ], [ -63.566379893399869, 55.243728428526424 ], [ -63.541021352875589, 55.225838997321375 ], [ -63.462685022058167, 55.25408919411484 ], [ -63.397259677579996, 55.250089373307276 ], [ -63.422873958989612, 55.240978062851639 ], [ -63.413289999963411, 55.237811341241922 ], [ -63.426654347437932, 55.225672028829592 ], [ -63.422766137473559, 55.216838523380659 ], [ -63.453271047926819, 55.202449185156809 ], [ -63.500580989163154, 55.202338115185285 ], [ -63.55399321432003, 55.188949637545136 ], [ -63.550160420254372, 55.172782633650229 ], [ -63.530051046539313, 55.174143601023502 ], [ -63.525773901269019, 55.168032329901791 ], [ -63.575963711208203, 55.152365929545056 ], [ -63.566908437751465, 55.139004434319816 ], [ -63.59746391279964, 55.126309995933639 ], [ -63.58151879691485, 55.105781749842549 ], [ -63.621909197499235, 55.09369842613313 ], [ -63.605825282639614, 55.081253706709617 ], [ -63.610631304784931, 55.065864556867552 ], [ -63.573268991068062, 55.053058593529613 ], [ -63.576491513399048, 55.044891780335547 ], [ -63.566685813890786, 55.034169341333268 ], [ -63.597464992358596, 55.021169366399022 ], [ -63.597520815699568, 55.012335912814251 ], [ -63.551324736529871, 54.996946426619452 ], [ -63.556685939689025, 54.988751803322572 ], [ -63.577436807060622, 54.988307480745654 ], [ -63.569547553446121, 54.982140596364793 ], [ -63.574603376199462, 54.97627945009954 ], [ -63.614578765425897, 54.976751948319595 ], [ -63.600189047381214, 54.962612657614599 ], [ -63.60685675396099, 54.958473757315041 ], [ -63.578686861699431, 54.952278864389307 ], [ -63.60696844523163, 54.943862276581285 ], [ -63.588826924503635, 54.939056424203407 ], [ -63.592216482431169, 54.933667452033554 ], [ -63.578047880438142, 54.926472717259784 ], [ -63.628362469430577, 54.92458431802352 ], [ -63.606525353717004, 54.914750570198692 ], [ -63.615054961805583, 54.910361656879296 ], [ -63.600218637011501, 54.901139191518233 ], [ -63.630058130354534, 54.909306256874771 ], [ -63.652035074384628, 54.905195355570079 ], [ -63.665037542868042, 54.913528917489018 ], [ -63.658425363114453, 54.90283426041163 ], [ -63.686066476246786, 54.907223456543207 ], [ -63.694871049513388, 54.92619598864831 ], [ -63.721289257733993, 54.926335041031486 ], [ -63.733873074791696, 54.931474133268615 ], [ -63.723844224137679, 54.939168644948062 ], [ -63.785319728062262, 54.948280221442943 ], [ -63.789319744114827, 54.956530433873304 ], [ -63.829432620388047, 54.944113796682096 ], [ -63.821737945698366, 54.938641439036623 ], [ -63.826710429868967, 54.934974755804177 ], [ -63.790542436931958, 54.930863335456834 ], [ -63.823377406016711, 54.915196643688844 ], [ -63.842905931907488, 54.915807887575674 ], [ -63.825822095313896, 54.90264088464216 ], [ -63.848573255069127, 54.896696505563469 ], [ -63.83596183734592, 54.88491846538156 ], [ -63.857407055278621, 54.887224194957739 ], [ -63.844573578244976, 54.871390516413392 ], [ -63.852296245599241, 54.863029276013059 ], [ -63.825850943204834, 54.849001178428132 ], [ -63.829045712394645, 54.842556654182488 ], [ -63.811128661638669, 54.818250571259064 ], [ -63.856518751097191, 54.814417431274713 ], [ -63.846351932079898, 54.807139451008041 ], [ -63.877657447777011, 54.807945118548425 ], [ -63.863268305375271, 54.799083845408425 ], [ -63.906823456841416, 54.801472876690177 ], [ -63.887850507591757, 54.788166944459583 ], [ -63.916572065038935, 54.790333743384082 ], [ -63.902099218299504, 54.77872227127633 ], [ -63.926654409821026, 54.778361213526367 ], [ -63.888376892876309, 54.769305420391944 ], [ -63.885264863102044, 54.753249565051419 ], [ -63.843629758093279, 54.749749620592844 ], [ -63.824575381268062, 54.732693753855713 ], [ -63.782462899641544, 54.715471052618376 ], [ -63.785796478032196, 54.705970879961974 ], [ -63.754434495809278, 54.688498159086926 ], [ -63.774101887586014, 54.688664992838945 ], [ -63.775740969270053, 54.681637114181143 ], [ -63.760518423888733, 54.668470099173057 ], [ -63.740238267364816, 54.670581133652377 ], [ -63.723706721513679, 54.661358520250708 ], [ -63.727901154582014, 54.652024996374159 ], [ -63.718871469989097, 54.64905261801033 ], [ -63.709618326868778, 54.622663104145943 ], [ -63.741733404315163, 54.623580127403692 ], [ -63.814073679878888, 54.648636691795794 ], [ -63.814655399811656, 54.637303112037721 ], [ -63.831850717518996, 54.638553246202264 ], [ -63.828710405389756, 54.628914139420488 ], [ -63.856291757450137, 54.619969621751444 ], [ -63.874347156708254, 54.625303096366075 ], [ -63.879068947239048, 54.621775303085393 ], [ -63.867596256784374, 54.612886169058314 ], [ -63.897178585874165, 54.606664018463178 ], [ -63.894872674662054, 54.59863620135507 ], [ -63.936734649835614, 54.604747651253795 ], [ -63.963902749185593, 54.618109022438382 ], [ -63.994542260680547, 54.598442359102549 ], [ -64.03021596384383, 54.607526170383849 ], [ -64.055026676891032, 54.597970733664177 ], [ -64.093809151702942, 54.629027246076937 ], [ -64.115447260113157, 54.633249909506318 ], [ -64.108254011174537, 54.655249951225599 ], [ -64.146394896248793, 54.669111439230406 ], [ -64.171756671663204, 54.692250846704418 ], [ -64.184145965513807, 54.692500914926342 ], [ -64.17314527352616, 54.707723270719768 ], [ -64.197118446669151, 54.713029074623201 ], [ -64.181645538016795, 54.716862338345187 ], [ -64.185367766136608, 54.722834680494742 ], [ -64.20442397377056, 54.725696026652301 ], [ -64.236119936266888, 54.715140421733473 ], [ -64.252564794207345, 54.727557438831873 ], [ -64.282899395488982, 54.72864099560163 ], [ -64.299122106267859, 54.736280050784579 ], [ -64.302427546083337, 54.747919116824811 ], [ -64.290259628356679, 54.758585916401806 ], [ -64.297259758993377, 54.763724863839045 ], [ -64.349873276247806, 54.778086604105461 ], [ -64.384013630873426, 54.778781226844856 ], [ -64.395208301649888, 54.788420339171211 ], [ -64.487344072457176, 54.793392669517338 ], [ -64.473706067831841, 54.78508698270209 ], [ -64.479928211596118, 54.776420178639682 ], [ -64.467428984352452, 54.770003384957832 ], [ -64.487039114076779, 54.768781098773871 ], [ -64.472512319489539, 54.752142043663333 ], [ -64.477623629086239, 54.746391923492318 ], [ -64.50348382424626, 54.745641878295558 ], [ -64.52437288499037, 54.758725531643542 ], [ -64.550401757737419, 54.76269799694991 ], [ -64.560263507335847, 54.749725594065666 ], [ -64.531735626455344, 54.740808728480012 ], [ -64.528070039474017, 54.729530878364123 ], [ -64.550016488000807, 54.718864223392465 ], [ -64.552462063027576, 54.71055859980401 ], [ -64.60121153759988, 54.731753553835432 ], [ -64.633046871704352, 54.726336993792927 ], [ -64.67324206712054, 54.738754053970659 ], [ -64.680521891342707, 54.726531836288117 ], [ -64.696635008645302, 54.723198632419859 ], [ -64.730638587029077, 54.723143481778635 ], [ -64.735638626321276, 54.736199251937556 ], [ -64.759223386429724, 54.725949262602022 ], [ -64.787972209411507, 54.731032681263542 ], [ -64.803388383560758, 54.758727625608152 ], [ -64.780750052669532, 54.752894207101249 ], [ -64.782000135192035, 54.764449917603727 ], [ -64.751473001298891, 54.767227722441106 ], [ -64.780694860437094, 54.787033659045761 ], [ -64.767250434441237, 54.789283708252412 ], [ -64.77319489357933, 54.797589447537227 ], [ -64.747610956803896, 54.808978344555811 ], [ -64.772333727308862, 54.837756737683968 ], [ -64.783722988194754, 54.842034714392206 ], [ -64.798862643919819, 54.832006831456241 ], [ -64.818585548780035, 54.845534937655174 ], [ -64.828141548228828, 54.832507017641198 ], [ -64.839503028918827, 54.843423885931394 ], [ -64.8550037372909, 54.837035043931081 ], [ -64.866448603874019, 54.841229644714538 ], [ -64.845447205592208, 54.875424442585704 ], [ -64.859475263810396, 54.88620249903714 ], [ -64.896032219837679, 54.894647318827687 ], [ -64.915282708013891, 54.910008764264411 ], [ -64.914060247033831, 54.917731121715377 ], [ -64.954700614296513, 54.930370468767201 ], [ -65.019897678377689, 54.92973197620671 ], [ -65.04625938908319, 54.953788053215412 ], [ -65.074649458385878, 54.952260469042955 ], [ -65.077538215311961, 54.967316264611846 ], [ -65.119039994336291, 54.9581497068855 ], [ -65.117068037493993, 54.94292721860338 ], [ -65.128041099791133, 54.924927005938819 ], [ -65.1740983346983, 54.929455063513842 ], [ -65.169292858549582, 54.913927082815277 ], [ -65.198128075870287, 54.87587107332601 ], [ -65.19857305090423, 54.849092859255173 ], [ -65.288993630795332, 54.839898803440676 ], [ -65.286465743592302, 54.822315306099973 ], [ -65.297771648021424, 54.812565453764265 ], [ -65.329300653798882, 54.844482425126024 ], [ -65.340856415898074, 54.844315985974411 ], [ -65.339162068078096, 54.829788068987014 ], [ -65.353856181990864, 54.817371789527797 ], [ -65.388439401082763, 54.826122322520625 ], [ -65.395106178506879, 54.815539187535585 ], [ -65.409300565977304, 54.818261606103931 ], [ -65.414994836304686, 54.840567331567378 ], [ -65.453691080239864, 54.844595623695753 ], [ -65.482802934964738, 54.832734332934585 ], [ -65.476191939771809, 54.810956319177919 ], [ -65.431274393826442, 54.781372808549591 ], [ -65.427025092716846, 54.747622761914215 ], [ -65.451414866438469, 54.743400189268982 ], [ -65.451026249776433, 54.732122354675411 ], [ -65.475777215001898, 54.726899915506024 ], [ -65.499138831196049, 54.735177617637703 ], [ -65.541557969783256, 54.727344118426274 ], [ -65.593198696898327, 54.7378169163457 ], [ -65.610033132417641, 54.728817119784487 ], [ -65.633839001710498, 54.752179505849796 ], [ -65.647506350465761, 54.751013137496187 ], [ -65.660034932123096, 54.719096080317051 ], [ -65.679535679178414, 54.705262714738033 ], [ -65.708564616324992, 54.718568703307206 ], [ -65.715620493313054, 54.739624835804761 ], [ -65.759788864312966, 54.786208092971229 ], [ -65.837680624185325, 54.831624521713586 ], [ -65.855069435073901, 54.851291228694059 ], [ -65.85287476113507, 54.859569213120388 ], [ -65.840124522210971, 54.861513740486608 ], [ -65.843346690857771, 54.870152743368394 ], [ -65.834818713744482, 54.877014071574486 ], [ -65.838429732539964, 54.884736422554752 ], [ -65.862346556328902, 54.891125193334204 ], [ -65.851457516040099, 54.894014203111823 ], [ -65.853985057241289, 54.902764315791927 ], [ -65.843929405087422, 54.908431197440386 ], [ -65.852262806936565, 54.926598070655324 ], [ -65.877096528417695, 54.921903330146158 ], [ -65.932126861486481, 54.938959235896455 ], [ -65.963849506877281, 54.926514645465147 ], [ -65.991406214491477, 54.927709282278435 ], [ -66.0, 54.931340285666359 ], [ -66.0, 58.911277832606778 ], [ -65.990360669911013, 58.916342796631852 ], [ -65.952330063867123, 58.958232683083907 ], [ -65.977914264264371, 58.935343108328311 ], [ -66.0, 58.939348184087663 ], [ -66.0, 58.982238187448154 ] ] ] ] } },
{ "type": "Feature", "properties": { "zone": 6, "epsg_csrs": 2948, "epsg_nad83": 32186, "epsg_nad27": 32086.0, "meridien_central": -67.5, "lon_min": -69.0, "lon_max": -66.0 }, "geometry": { "type": "MultiPolygon", "coordinates": [ [ [ [ -66.0, 48.034802175904723 ], [ -66.162600762016766, 48.049193502053939 ], [ -66.305883837232813, 48.033137803174839 ], [ -66.347829691070231, 48.078277114255606 ], [ -66.395109449387604, 48.089443471404572 ], [ -66.488085716109723, 48.081637838635146 ], [ -66.503836170816754, 48.076082307933518 ], [ -66.530475885402467, 48.047970952323347 ], [ -66.671341889797503, 48.01813772587996 ], [ -66.699037474484555, 48.005387758582216 ], [ -66.748734001308833, 47.996943481485147 ], [ -66.761678711602727, 48.002554663896881 ], [ -66.789262965361587, 47.991304561067359 ], [ -66.841159789700768, 48.002268357298469 ], [ -66.920906173190033, 47.984388037583301 ], [ -66.964546867430499, 47.94197154139885 ], [ -66.970241555017964, 47.915277036960902 ], [ -66.944434682300681, 47.902860266882861 ], [ -66.9556843191247, 47.892415811223444 ], [ -66.97976771230438, 47.893888075727276 ], [ -67.059633573177322, 47.935388483927959 ], [ -67.071050678490707, 47.922082950572666 ], [ -67.13266367669172, 47.914750148717964 ], [ -67.141302305838735, 47.892916752613388 ], [ -67.166276100568183, 47.896555916534872 ], [ -67.174582003950434, 47.883222571801646 ], [ -67.206833404476882, 47.87605585694741 ], [ -67.287002134953582, 47.898722833822973 ], [ -67.298196676599119, 47.898667317497832 ], [ -67.2941129005184, 47.890195013909555 ], [ -67.303334851906044, 47.885528373588571 ], [ -67.348751973583219, 47.895639629531914 ], [ -67.338057147831833, 47.88741732579588 ], [ -67.336555747317959, 47.872389494765919 ], [ -67.342194139878615, 47.867583870877368 ], [ -67.352333461544362, 47.873472872899363 ], [ -67.363470477535984, 47.844861614051553 ], [ -67.389762289662471, 47.850135145720337 ], [ -67.37967557528286, 47.856815650701996 ], [ -67.393063681848105, 47.859524256246324 ], [ -67.392812822972459, 47.867754176544516 ], [ -67.512772172263936, 47.913750468120575 ], [ -67.582258863855159, 47.928155823093689 ], [ -67.593139349221588, 47.924468720970388 ], [ -67.608001866007044, 47.93679314686706 ], [ -67.608473714894231, 47.949343288143517 ], [ -67.601832735838471, 47.952609898551472 ], [ -67.607600231090274, 47.961395380693126 ], [ -67.597096218089632, 47.972244602078824 ], [ -67.613340067602522, 47.979782876746299 ], [ -67.597844169892724, 48.00011227874711 ], [ -68.12289343043679, 47.999977324762114 ], [ -68.122893950171871, 47.91644817765917 ], [ -68.383070313908021, 47.916532912747826 ], [ -68.382966457003391, 47.553329506707648 ], [ -68.569364628652437, 47.426996434450302 ], [ -68.798848315170787, 47.348995560799892 ], [ -69.0, 47.310120527122116 ], [ -69.0, 59.025576884296953 ], [ -68.986215179048202, 59.012724628394949 ], [ -68.975554566066762, 59.010391177750705 ], [ -68.989796438146641, 59.020474880316783 ], [ -68.990101579374652, 59.031752836995906 ], [ -68.970168419124604, 59.019419161556186 ], [ -68.959785609554103, 59.005363264356106 ], [ -68.967170686628776, 58.993946384367291 ], [ -68.892255117121749, 58.924138865247585 ], [ -68.549239525221367, 58.940720242121643 ], [ -68.441707813096343, 58.908774369529738 ], [ -68.412401448392188, 58.886523709062033 ], [ -68.341954366309551, 58.87188398193689 ], [ -68.261090733174512, 58.823743497571797 ], [ -68.257674360617216, 58.810187631377971 ], [ -68.278010006314616, 58.751658730275381 ], [ -68.262231791725867, 58.737630493121117 ], [ -68.276038248913778, 58.725435847431584 ], [ -68.277122913241215, 58.677768138685849 ], [ -68.267150239003684, 58.673351386141917 ], [ -68.269650610340364, 58.663239998663471 ], [ -68.260400399986111, 58.655323146239709 ], [ -68.264706716608771, 58.636433867062124 ], [ -68.272623607257344, 58.635683892459326 ], [ -68.26842952412386, 58.616322334343465 ], [ -68.24251219020698, 58.593155038688224 ], [ -68.243234789315807, 58.583321422297388 ], [ -68.193232343653506, 58.573708248410412 ], [ -68.04180920949193, 58.57251345338733 ], [ -68.023947245164663, 58.587570099730158 ], [ -68.000168424066032, 58.590403301216213 ], [ -67.989084903343041, 58.577902987240122 ], [ -67.964639522971993, 58.572235999565805 ], [ -67.953250325289616, 58.562735734388923 ], [ -67.95250064085559, 58.549985478831445 ], [ -67.918777354097926, 58.53137374461204 ], [ -67.730186930341574, 58.489898861909978 ], [ -67.703519434952398, 58.471812231322076 ], [ -67.662962191213069, 58.460973133519985 ], [ -67.660962493031434, 58.445775110121986 ], [ -67.62060005311389, 58.424880516869621 ], [ -67.596126468278555, 58.434824795110103 ], [ -67.56904218516587, 58.430879467792295 ], [ -67.57112541248614, 58.437685207910931 ], [ -67.553597042080469, 58.437435054784999 ], [ -67.541513474194005, 58.421573540946099 ], [ -67.550208534944886, 58.407934455658449 ], [ -67.568125936777335, 58.406656763168144 ], [ -67.55104235113771, 58.388989582342106 ], [ -67.543875387685375, 58.393184083138067 ], [ -67.549708808930006, 58.395656421090337 ], [ -67.545069498973021, 58.410184473308163 ], [ -67.529568494843318, 58.426879079684568 ], [ -67.533485114645487, 58.4367126304831 ], [ -67.526095581026141, 58.454796340954772 ], [ -67.507344634518574, 58.462685235684035 ], [ -67.482816021809867, 58.455907164705422 ], [ -67.462398925802347, 58.434851004073266 ], [ -67.458010213954537, 58.420295079035384 ], [ -67.46462173153202, 58.414017501985711 ], [ -67.454538023939108, 58.410184514270213 ], [ -67.46045512243802, 58.400712958596785 ], [ -67.430843071468303, 58.389160212254239 ], [ -67.449733353236127, 58.355495874292387 ], [ -67.416453825753536, 58.377024481441822 ], [ -67.397647823442242, 58.361139920838923 ], [ -67.400870475311478, 58.35039134630432 ], [ -67.434260633118186, 58.356414675317126 ], [ -67.422204842309839, 58.345501738100495 ], [ -67.440566854599638, 58.332666750432963 ], [ -67.387370759932082, 58.312310012970499 ], [ -67.365203094159085, 58.314254335177225 ], [ -67.305757087226766, 58.35647358338349 ], [ -67.227507108265513, 58.362716939614074 ], [ -67.200447813223604, 58.382470751518667 ], [ -67.198251054864045, 58.400585477129084 ], [ -67.118606640421206, 58.417810418384988 ], [ -67.103050727487357, 58.441336259975174 ], [ -67.085244789076967, 58.452695325943523 ], [ -67.051687891804477, 58.452222732266648 ], [ -67.018270225413062, 58.475969861969133 ], [ -67.014603795251901, 58.506161663243802 ], [ -66.981798239338104, 58.501495277937579 ], [ -66.93543777822083, 58.515940835897879 ], [ -66.799236052516505, 58.505885138804558 ], [ -66.786735242759448, 58.497634840353555 ], [ -66.736702899909687, 58.516079700072964 ], [ -66.70164419980506, 58.554470184527872 ], [ -66.696199175572701, 58.568498468901623 ], [ -66.70469972625915, 58.580248488781365 ], [ -66.691032239238609, 58.576915429224471 ], [ -66.679169664013727, 58.597278112184711 ], [ -66.665529642001218, 58.602501276363569 ], [ -66.686223348455314, 58.642003468794655 ], [ -66.656777133624757, 58.642254493376583 ], [ -66.579580717687577, 58.664806232444732 ], [ -66.582552567147047, 58.674529281160574 ], [ -66.547744604067191, 58.705447733198866 ], [ -66.551272044049085, 58.715976402242859 ], [ -66.496133387115719, 58.765392812633365 ], [ -66.494772262990409, 58.780448638501866 ], [ -66.52035498750422, 58.801228191616531 ], [ -66.500161699829505, 58.811338321973437 ], [ -66.485880977822603, 58.856895793103888 ], [ -66.472935450651391, 58.866423845559211 ], [ -66.458325013719673, 58.857089667549474 ], [ -66.371820564495181, 58.867061824032248 ], [ -66.353708751042063, 58.858978292117115 ], [ -66.152225418694911, 58.86095164087925 ], [ -66.137447404346517, 58.868452307136238 ], [ -66.125448186370306, 58.861118934896808 ], [ -66.095087849316769, 58.861314138909734 ], [ -66.0, 58.911277832606778 ], [ -66.0, 54.931340285666359 ], [ -66.02690941174798, 54.942709916096057 ], [ -66.048632949155831, 54.938487812807011 ], [ -66.030769867012197, 54.918987268797814 ], [ -66.036437053364565, 54.916709531798894 ], [ -66.06924551828449, 54.930015691431954 ], [ -66.119968728285201, 54.971099403634845 ], [ -66.159497799096613, 54.988516332100794 ], [ -66.157136403731897, 54.976905192693494 ], [ -66.177359202498735, 54.975016416919601 ], [ -66.234778463815957, 54.989544670239816 ], [ -66.244195082808758, 54.971961315604815 ], [ -66.25133479433913, 54.995739295502084 ], [ -66.286307904532634, 55.030879471040805 ], [ -66.310363650536317, 55.041018709963907 ], [ -66.426368090168978, 55.135741598700349 ], [ -66.448563254792589, 55.14354745809726 ], [ -66.493231504686719, 55.202383149707146 ], [ -66.50978749399917, 55.20127197362126 ], [ -66.506148441488563, 55.192382722638456 ], [ -66.514121410687267, 55.189354900463115 ], [ -66.546621933184952, 55.234523609825033 ], [ -66.568123052607461, 55.236273800069512 ], [ -66.615622098125073, 55.276830111773847 ], [ -66.625399897323121, 55.276329984771962 ], [ -66.61867785402859, 55.265329897696461 ], [ -66.640955594294837, 55.26741307848522 ], [ -66.656928094246894, 55.252468309676601 ], [ -66.672067717153539, 55.272218669065069 ], [ -66.698071380330475, 55.285608298431782 ], [ -66.703432098738688, 55.2959695801149 ], [ -66.694708348153313, 55.301386166864688 ], [ -66.704097053138071, 55.312719664411532 ], [ -66.720347076215603, 55.321803237977406 ], [ -66.734932355873411, 55.317553337815639 ], [ -66.740791360121932, 55.32983110482246 ], [ -66.791994963930051, 55.354915071609696 ], [ -66.81624624541945, 55.352804401544461 ], [ -66.792881653007782, 55.315637560106381 ], [ -66.828299018432233, 55.326693757541079 ], [ -66.816578940864417, 55.310526872540095 ], [ -66.82135786607995, 55.305971305376943 ], [ -66.79211128646034, 55.278859757725968 ], [ -66.696574810608638, 55.222385047485773 ], [ -66.667964956978381, 55.176744747975931 ], [ -66.716493431775234, 55.208135086419475 ], [ -66.75183055704963, 55.210830211979044 ], [ -66.746355562377516, 55.198524072107091 ], [ -66.731103895465708, 55.191606923644031 ], [ -66.75777148859936, 55.18471820098506 ], [ -66.749961879159059, 55.153356155171707 ], [ -66.739545987236909, 55.144939319598848 ], [ -66.767048907861408, 55.147773185954691 ], [ -66.773105753445407, 55.13943991069408 ], [ -66.762465023130574, 55.13666190011412 ], [ -66.766715858245277, 55.130495297375091 ], [ -66.689271992015506, 55.0618819382222 ], [ -66.747076649387338, 55.091050279634601 ], [ -66.750076896299845, 55.086272574816519 ], [ -66.728299186404683, 55.061104897089763 ], [ -66.726548782733857, 55.0439099622904 ], [ -66.700104128755072, 55.029297970434982 ], [ -66.684409844442712, 55.033214511636515 ], [ -66.665242802477565, 55.024214031242309 ], [ -66.621545808856567, 54.98262947342262 ], [ -66.64860257010946, 54.977490611366058 ], [ -66.694964376312043, 55.005130626281129 ], [ -66.718936641546804, 54.99982531302436 ], [ -66.746520299611575, 55.008298217808715 ], [ -66.753437228164984, 54.996520177889025 ], [ -66.73227049777924, 54.984297494819415 ], [ -66.729770622194408, 54.972880593729023 ], [ -66.737937489356526, 54.971325153289747 ], [ -66.702159682682108, 54.955157605654961 ], [ -66.712076384481279, 54.952824415837128 ], [ -66.677965421744119, 54.928323212313217 ], [ -66.673048927042231, 54.920850715223835 ], [ -66.684910203603323, 54.914628631338033 ], [ -66.679937796784117, 54.90723966266151 ], [ -66.686799002980081, 54.90018422876151 ], [ -66.648798050094996, 54.876433724023705 ], [ -66.653853815548345, 54.872961597343895 ], [ -66.644770157328807, 54.859211447730019 ], [ -66.649103667156993, 54.854239353978571 ], [ -66.628658847262344, 54.848572365710268 ], [ -66.620464366574495, 54.828849935165941 ], [ -66.585825127044657, 54.812599243393947 ], [ -66.618409049824521, 54.80123849666154 ], [ -66.61429808328441, 54.785960524081467 ], [ -66.640770701324897, 54.7919053667433 ], [ -66.645465309864704, 54.783516384407299 ], [ -66.638798465741019, 54.778127308723512 ], [ -66.652882276966977, 54.766349544843528 ], [ -66.748357118765938, 54.81312867995176 ], [ -66.720634266575132, 54.794850486402574 ], [ -66.718467764022819, 54.783711451347891 ], [ -66.726884759391183, 54.782683751467836 ], [ -66.717162708099664, 54.758600057469671 ], [ -66.699411852847376, 54.759072134394032 ], [ -66.661077403760373, 54.732876825187077 ], [ -66.666744525522304, 54.712515351014524 ], [ -66.702162329125173, 54.740321780528099 ], [ -66.715496359009194, 54.735405093050851 ], [ -66.758220042139598, 54.759350337725131 ], [ -66.7522478965234, 54.746350153443956 ], [ -66.772053962550686, 54.760989333537985 ], [ -66.770970318078355, 54.769572731352696 ], [ -66.791387854800007, 54.770156221468767 ], [ -66.874890089384991, 54.813323745183276 ], [ -66.892474374952641, 54.802795973641899 ], [ -66.908669382579077, 54.806684980909971 ], [ -66.918031203640524, 54.79757382897769 ], [ -66.935142997151019, 54.799712863951314 ], [ -66.946476422412019, 54.817490902124483 ], [ -67.041562821788801, 54.861797730352365 ], [ -67.048535258072036, 54.872131299605329 ], [ -67.044146121078157, 54.879103656288308 ], [ -67.139926704382631, 54.947299934701547 ], [ -67.167455351857484, 54.956578069168422 ], [ -67.196956130479876, 54.98224546577179 ], [ -67.212734579969052, 54.982467827112259 ], [ -67.223956867200002, 55.003801608278138 ], [ -67.286931601221568, 55.028107505536923 ], [ -67.267485958443899, 55.033940877144005 ], [ -67.270346885798801, 55.051718734898486 ], [ -67.25637411893473, 55.046802120454686 ], [ -67.259735230719627, 55.052163252093237 ], [ -67.251817977991095, 55.056079974634372 ], [ -67.273235612765063, 55.073468909958024 ], [ -67.329211286694942, 55.088607650172889 ], [ -67.345406520708536, 55.083329849102199 ], [ -67.368963092594299, 55.090302333839531 ], [ -67.389213981303783, 55.079052321676102 ], [ -67.413187287333017, 55.093663740400814 ], [ -67.420770901409867, 55.080219113205601 ], [ -67.440133290276606, 55.073802484062412 ], [ -67.433216331033464, 55.059302455499278 ], [ -67.452273100418097, 55.063774755256873 ], [ -67.464635056835448, 55.047469258349849 ], [ -67.420854764209878, 55.033524613321674 ], [ -67.439467253991268, 55.024108083201895 ], [ -67.440272893688643, 55.012746976074652 ], [ -67.413493522323449, 55.007135739688579 ], [ -67.414160483126309, 54.994107830307257 ], [ -67.396104100389437, 54.989968776085142 ], [ -67.411938396055291, 54.979385382016709 ], [ -67.389770984359714, 54.964551725970537 ], [ -67.396215702924522, 54.96094061402345 ], [ -67.367131410663362, 54.942551394768103 ], [ -67.349436280088781, 54.9414958337629 ], [ -67.351436548847062, 54.93138465786798 ], [ -67.337130471967498, 54.92560679106348 ], [ -67.33279746921076, 54.906162164012287 ], [ -67.309157763704917, 54.897745193936153 ], [ -67.304713405714224, 54.880689371276681 ], [ -67.276017908167475, 54.870883484926821 ], [ -67.280407039520128, 54.866466726986964 ], [ -67.254767338491376, 54.850105216553338 ], [ -67.262906623123087, 54.845132936044585 ], [ -67.252767496411451, 54.833632702082021 ], [ -67.20840464946707, 54.824521048950167 ], [ -67.217849811082502, 54.802965143466359 ], [ -67.207155214197158, 54.790659309984477 ], [ -67.169209374961042, 54.775214361837627 ], [ -67.173015284515628, 54.766908712360745 ], [ -67.121763365533198, 54.749074714786722 ], [ -67.06320605941788, 54.703351333667797 ], [ -67.073206538559944, 54.699295797124918 ], [ -67.053178055746727, 54.695712301038618 ], [ -67.074540247407924, 54.683628869984048 ], [ -67.06487326797982, 54.675045367229814 ], [ -67.067706910560673, 54.667267469237295 ], [ -67.125015192487098, 54.654462060326615 ], [ -67.116598329679618, 54.646100788829472 ], [ -67.13809979513826, 54.634461803258411 ], [ -67.133960973506973, 54.622017196149145 ], [ -67.153767545686605, 54.622517294811757 ], [ -67.179491764403068, 54.606989399931052 ], [ -67.228966026167484, 54.617823179617126 ], [ -67.2242994257672, 54.602628481025867 ], [ -67.229966416212264, 54.601572924089488 ], [ -67.220077466344492, 54.586239308019351 ], [ -67.278774287889945, 54.587795257997378 ], [ -67.266996517190677, 54.562628119409545 ], [ -67.28899758383011, 54.557517006081426 ], [ -67.291025491836436, 54.552905863980243 ], [ -67.256079543584946, 54.553738993655884 ], [ -67.26344124692443, 54.537627731055302 ], [ -67.229856554020216, 54.53084960405468 ], [ -67.219050713524027, 54.520821593522086 ], [ -67.243413102759092, 54.51098822464219 ], [ -67.239107514295526, 54.499293601209267 ], [ -67.245441264228759, 54.491960200946558 ], [ -67.261636257438397, 54.494904732313273 ], [ -67.262830933588191, 54.483487946755915 ], [ -67.289998743785432, 54.488932581575909 ], [ -67.292470697009833, 54.50618294455068 ], [ -67.301804407563793, 54.514016441495393 ], [ -67.3378059725528, 54.502266464962517 ], [ -67.342194869389658, 54.516405558771126 ], [ -67.364945828027587, 54.516933627927322 ], [ -67.366028963724247, 54.524683738914163 ], [ -67.407752634902423, 54.540518005237082 ], [ -67.398224398647443, 54.546462536493912 ], [ -67.432892287825808, 54.557852171417601 ], [ -67.427030757234945, 54.565463490748819 ], [ -67.464504182330188, 54.580714168408157 ], [ -67.492755334988402, 54.581686591091298 ], [ -67.49097761628083, 54.573464079993165 ], [ -67.519062365655728, 54.569908341442186 ], [ -67.509839706153997, 54.56524161341315 ], [ -67.512756755608834, 54.552768951681053 ], [ -67.484172322422367, 54.5460187013541 ], [ -67.4848391615579, 54.539351817714454 ], [ -67.471116530517591, 54.531934839103236 ], [ -67.472950158668397, 54.519045566676887 ], [ -67.504535228110825, 54.502295193734717 ], [ -67.489618179409803, 54.491739332587379 ], [ -67.492090614557185, 54.479822489441496 ], [ -67.531064406643239, 54.488239564748064 ], [ -67.549565165924292, 54.482128432051304 ], [ -67.566926876476629, 54.492795350113646 ], [ -67.581122001388593, 54.491434314647499 ], [ -67.573177328553029, 54.480795184700817 ], [ -67.589872550379226, 54.474878499136508 ], [ -67.623040708947286, 54.473962068308182 ], [ -67.645596567705283, 54.508351567784658 ], [ -67.66334762861463, 54.492268143388465 ], [ -67.665014542616305, 54.477990130329701 ], [ -67.6534308740668, 54.470184362860415 ], [ -67.670431585529855, 54.465628801799014 ], [ -67.660153572077263, 54.458489816792309 ], [ -67.669959675450713, 54.44632292763837 ], [ -67.70571124749884, 54.441128628290016 ], [ -67.717378397563337, 54.448823255977771 ], [ -67.704044266068976, 54.457490011470853 ], [ -67.726045211269451, 54.461990220258876 ], [ -67.729601059343182, 54.446323335169772 ], [ -67.774714246802233, 54.438434526216369 ], [ -67.776992300899721, 54.428212213058863 ], [ -67.756713900940582, 54.414156275422371 ], [ -67.743241142933201, 54.415239580580163 ], [ -67.743269124523252, 54.400683787480546 ], [ -67.714018133586833, 54.388127861692951 ], [ -67.740880989280498, 54.347127363712133 ], [ -67.721019090043612, 54.348655035425828 ], [ -67.727352920159134, 54.335460426308892 ], [ -67.686184587941398, 54.327154490985791 ], [ -67.662906141671527, 54.311848584936186 ], [ -67.669823481992438, 54.289292724587305 ], [ -67.660350993706246, 54.275459112748372 ], [ -67.683213386018551, 54.261070131831538 ], [ -67.670352062531521, 54.240291920823573 ], [ -67.655934860515273, 54.234958424557682 ], [ -67.655573766164835, 54.227319403797111 ], [ -67.617516882697345, 54.220013597149155 ], [ -67.606516611225686, 54.207263280509871 ], [ -67.633323327065085, 54.202318885735941 ], [ -67.608211162188624, 54.198040905433906 ], [ -67.616767385150268, 54.187485230077051 ], [ -67.651240920300452, 54.186568784453655 ], [ -67.641435060854917, 54.181346421924502 ], [ -67.650546715212826, 54.17309634685293 ], [ -67.633685084219891, 54.164873875323487 ], [ -67.635740728522478, 54.158762684492601 ], [ -67.696326719806791, 54.160346501587526 ], [ -67.722466978776538, 54.149124867309077 ], [ -67.753495811171376, 54.156847175365073 ], [ -67.803637423649434, 54.130013889089014 ], [ -67.788359401685014, 54.117764459873719 ], [ -67.796720829165238, 54.113292029533454 ], [ -67.796248881533458, 54.102264346038247 ], [ -67.760025460517866, 54.103932402822736 ], [ -67.750275706380918, 54.088877867875375 ], [ -67.781637747066426, 54.083404178215076 ], [ -67.769637795921682, 54.069043678205837 ], [ -67.792194397847325, 54.049098563717614 ], [ -67.780194218460394, 54.03937675207699 ], [ -67.799944974261649, 54.036904187515475 ], [ -67.817612606779662, 54.023931970791367 ], [ -67.809168192064462, 54.013265685868809 ], [ -67.776833498227703, 54.013293631760334 ], [ -67.783056306770447, 54.003432574858877 ], [ -67.771361492995808, 53.99765471150284 ], [ -67.759777552729076, 54.003043598883401 ], [ -67.725248505862652, 53.983376162043314 ], [ -67.676468568671226, 53.978541668196449 ], [ -67.675524108594445, 53.969985567816863 ], [ -67.653800850719733, 53.962039818979321 ], [ -67.65043957535768, 53.952066892977967 ], [ -67.66885711139733, 53.947650490606883 ], [ -67.666579342704878, 53.937066269137652 ], [ -67.633133353039725, 53.936676698573798 ], [ -67.631105473696749, 53.930565222162791 ], [ -67.583159000321601, 53.923286557407295 ], [ -67.599798822060734, 53.906591946921807 ], [ -67.584770578468152, 53.897313970437843 ], [ -67.606132858288504, 53.8856194868603 ], [ -67.594938034047274, 53.879535951089132 ], [ -67.60329949032554, 53.873091539102518 ], [ -67.583354363726002, 53.868119060934553 ], [ -67.56838140696216, 53.874035807524507 ], [ -67.548492051578222, 53.855590954470536 ], [ -67.560131385582153, 53.851146518845709 ], [ -67.556298100074528, 53.844563031180201 ], [ -67.488850957078, 53.838534795487675 ], [ -67.508826406511204, 53.819591264872685 ], [ -67.506216292680648, 53.814230501688385 ], [ -67.525577830270493, 53.810647033026463 ], [ -67.525884497652854, 53.80323077520957 ], [ -67.593023545918157, 53.793479556577303 ], [ -67.545442030019046, 53.777841986223173 ], [ -67.593941629917268, 53.76403496615891 ], [ -67.492059620970124, 53.7563454354217 ], [ -67.513311052811801, 53.734956436650613 ], [ -67.469114027033299, 53.71492762928245 ], [ -67.436915340169307, 53.711287045478613 ], [ -67.437191629268725, 53.721342132601059 ], [ -67.454083042459587, 53.723009802661743 ], [ -67.449803717810781, 53.730787038984253 ], [ -67.406132065207004, 53.721868424623835 ], [ -67.421774588622256, 53.7100919203777 ], [ -67.409832051210742, 53.694953812820067 ], [ -67.384386567069072, 53.693425957172522 ], [ -67.406809629160151, 53.664261356701523 ], [ -67.391419780764565, 53.663566824199229 ], [ -67.393336733242123, 53.656650068181349 ], [ -67.381641641731363, 53.651594301314027 ], [ -67.383058803397844, 53.616732583884939 ], [ -67.325362231763592, 53.588676204173503 ], [ -67.303694468360774, 53.587648333438274 ], [ -67.315389844936419, 53.565175758247605 ], [ -67.307556104118319, 53.552369915880732 ], [ -67.290388525861928, 53.546091895502173 ], [ -67.259386860838489, 53.563592112726049 ], [ -67.218829240992008, 53.531674310558671 ], [ -67.211801186040745, 53.539980100144405 ], [ -67.193494822004936, 53.536813222658111 ], [ -67.195606135225717, 53.547730162199237 ], [ -67.183355696157051, 53.559230455744732 ], [ -67.129017846558895, 53.533783739261857 ], [ -67.1135438411156, 53.537005271354289 ], [ -67.099876676023101, 53.529810622434056 ], [ -67.068262351553315, 53.542976207357405 ], [ -67.045958827442306, 53.531616180906774 ], [ -67.036375340017628, 53.536005108626966 ], [ -67.016404038165135, 53.527172281886763 ], [ -67.016237889954667, 53.516394657399509 ], [ -67.004876690287503, 53.513089177331963 ], [ -66.99923793382267, 53.501394772042545 ], [ -66.971181290375483, 53.500005742784147 ], [ -66.993154946573654, 53.478144398984519 ], [ -66.989932887177588, 53.468671992258429 ], [ -66.947514274721769, 53.47897750362975 ], [ -66.932235948174792, 53.475616252117597 ], [ -66.928319530441001, 53.459643743802509 ], [ -66.916013524837737, 53.458004732681729 ], [ -66.931598143329325, 53.439587855261287 ], [ -66.921459284128915, 53.425309790305448 ], [ -66.901069354532552, 53.420114991644205 ], [ -66.892957654466542, 53.425420490489287 ], [ -66.875179066914825, 53.413642281302614 ], [ -66.90657033609655, 53.389670230202157 ], [ -66.922098665758227, 53.394698193622219 ], [ -66.942682999811893, 53.385142641302593 ], [ -66.945044458704629, 53.369086887826057 ], [ -66.962767649394621, 53.35936454946166 ], [ -66.996991104161097, 53.369837118792617 ], [ -67.004380281556863, 53.36250377480377 ], [ -66.986379814922657, 53.354947935865418 ], [ -67.020575318132657, 53.339531498223785 ], [ -67.013742149781237, 53.321225577235232 ], [ -66.989936141556626, 53.326808784107435 ], [ -66.951657566801259, 53.310808536340502 ], [ -66.944547523313958, 53.283280667065405 ], [ -66.958076259401395, 53.275891905278151 ], [ -66.958271322617222, 53.263391847863275 ], [ -66.969883340852476, 53.254836368603002 ], [ -66.962216539352383, 53.250086297882788 ], [ -66.968828148208374, 53.246086316893397 ], [ -66.963883808979347, 53.236558468187695 ], [ -66.974467823655061, 53.228752937448085 ], [ -66.960189761775652, 53.220224921242099 ], [ -66.968385249403468, 53.203974948869742 ], [ -66.950940336686074, 53.19714129051841 ], [ -66.959940848435878, 53.191335864195104 ], [ -66.951190949639042, 53.18044667048801 ], [ -66.996526723770216, 53.168892280428587 ], [ -67.006222216158903, 53.156614330779398 ], [ -67.005000420968358, 53.147530820364587 ], [ -66.990639100720571, 53.139891493039485 ], [ -66.94227608014927, 53.137112629654212 ], [ -66.983639955685362, 53.118640841026085 ], [ -66.980863215896903, 53.098390423524727 ], [ -66.969223958551567, 53.096501404569302 ], [ -66.978141781256241, 53.083834541090482 ], [ -67.043141265494228, 53.069556648561814 ], [ -67.072335192635009, 53.073418169439719 ], [ -67.076808384390205, 53.078918824366383 ], [ -67.066836954141067, 53.088613633817339 ], [ -67.076281091812334, 53.10566960947137 ], [ -67.052419490869852, 53.114752795862543 ], [ -67.061641599026657, 53.125197573225037 ], [ -67.055807826092916, 53.137364311149639 ], [ -67.101085168306355, 53.120418961501187 ], [ -67.115943279234912, 53.100305970460106 ], [ -67.12766685381267, 53.123890037148129 ], [ -67.154582643548892, 53.128111462644227 ], [ -67.138612280287617, 53.13514045854631 ], [ -67.144751933388008, 53.140307429826102 ], [ -67.224950083107956, 53.147113537583216 ], [ -67.267650860553957, 53.17703296334664 ], [ -67.298011400378613, 53.158726474184888 ], [ -67.288259740711993, 53.153559097985138 ], [ -67.286284033055736, 53.138862864785814 ], [ -67.372387499601516, 53.101635703972612 ], [ -67.386969979179554, 53.077773581685456 ], [ -67.375364410213365, 53.044469794806467 ], [ -67.36200812882069, 53.029721564454782 ], [ -67.348343211347895, 53.031472520890247 ], [ -67.360787841913165, 53.022277806236367 ], [ -67.342490993817989, 53.005225686417539 ], [ -67.356433438747572, 52.998446664990098 ], [ -67.342105681801613, 52.988781854732238 ], [ -67.344189748861865, 52.982281601538347 ], [ -67.314718268926867, 52.987199395387108 ], [ -67.30663535878297, 52.978727006302925 ], [ -67.286438542916457, 52.992032678045398 ], [ -67.278827373873597, 52.985282552474274 ], [ -67.232797088088702, 52.981782207793657 ], [ -67.274467337401816, 52.959059882564254 ], [ -67.295497319121139, 52.958032266576303 ], [ -67.306303220840874, 52.966032356284131 ], [ -67.338084769661322, 52.951837602783819 ], [ -67.336697593815515, 52.941309797131652 ], [ -67.351309270131722, 52.934809386155685 ], [ -67.330006396323427, 52.909920556629061 ], [ -67.341368509557952, 52.894170476478941 ], [ -67.323422657962766, 52.878031163308052 ], [ -67.290362094379191, 52.886558670340236 ], [ -67.254885361312787, 52.874502365769864 ], [ -67.243302232430665, 52.852390451326457 ], [ -67.230857537649371, 52.849084712986503 ], [ -67.231719257622458, 52.840778904567017 ], [ -67.188078891715392, 52.833333925170287 ], [ -67.165828062910649, 52.815249956502711 ], [ -67.150963694277479, 52.853445014221663 ], [ -67.132239624664678, 52.850444445884946 ], [ -67.125625520562679, 52.860777165275081 ], [ -67.063670718215747, 52.875690993200422 ], [ -67.050202675137527, 52.864942170410153 ], [ -67.057481445723624, 52.859414642157525 ], [ -67.047708965266253, 52.839582614202435 ], [ -67.065350372923675, 52.821888460375568 ], [ -67.055738832024502, 52.808554685187843 ], [ -67.070378863760681, 52.776942926013561 ], [ -67.035321753883338, 52.774581637386646 ], [ -67.042183199662361, 52.769914948372595 ], [ -67.032377384429779, 52.74913672229625 ], [ -67.016459979684896, 52.754831270913108 ], [ -67.019515894979492, 52.743275275080961 ], [ -66.986376167279744, 52.764719620733665 ], [ -66.97340616464065, 52.75377458631985 ], [ -66.955628373511686, 52.760412455658468 ], [ -66.944327109695948, 52.737272948227485 ], [ -66.925857323597469, 52.727855482602727 ], [ -66.906830153707247, 52.703910372576793 ], [ -66.899941562290564, 52.678465551401466 ], [ -66.853300436187965, 52.674104137615025 ], [ -66.854798778587394, 52.690021202291106 ], [ -66.896439059517547, 52.730771917185749 ], [ -66.855740214988344, 52.719799648816121 ], [ -66.862462299128083, 52.728827593580803 ], [ -66.85690373486942, 52.750855871400773 ], [ -66.872265641891204, 52.756716784229866 ], [ -66.858677887340789, 52.768855702123957 ], [ -66.839400749533837, 52.751939356622714 ], [ -66.817847359915632, 52.712493481114542 ], [ -66.802789422922828, 52.71629876567782 ], [ -66.792650556304636, 52.679324155697067 ], [ -66.760753908021385, 52.66726584904665 ], [ -66.758587254453744, 52.678044331585184 ], [ -66.771896166490365, 52.693323989784155 ], [ -66.750948104581013, 52.701323752133796 ], [ -66.758978342051279, 52.723381408381897 ], [ -66.752423469450207, 52.745744269432734 ], [ -66.789338744238549, 52.799467338893749 ], [ -66.776060107833118, 52.802161706698961 ], [ -66.742644243797557, 52.768827974254577 ], [ -66.714838180422646, 52.759911087280003 ], [ -66.688058894563625, 52.766049815015776 ], [ -66.686501853267103, 52.788660847286557 ], [ -66.672862180029696, 52.791910639753688 ], [ -66.666473646830639, 52.782410656052043 ], [ -66.647190839916874, 52.782270663039462 ], [ -66.666527423174927, 52.809799375945886 ], [ -66.662525651120362, 52.836021466684244 ], [ -66.641274410738603, 52.851243765879943 ], [ -66.65519149938568, 52.865716223435264 ], [ -66.644635153788229, 52.87429964396938 ], [ -66.665080446615349, 52.892438889904213 ], [ -66.650496253025835, 52.893105412637119 ], [ -66.650718219818359, 52.901438903573926 ], [ -66.631467127709911, 52.89871644114875 ], [ -66.650023186617304, 52.924161407540559 ], [ -66.633160674691396, 52.930911319234291 ], [ -66.638994266587375, 52.935689220348493 ], [ -66.63074301105982, 52.955911591584744 ], [ -66.569514746266222, 52.935326989535874 ], [ -66.562763104823958, 52.942632342334356 ], [ -66.527338113053389, 52.946491754427306 ], [ -66.530785304851008, 52.959631279259426 ], [ -66.516256207932997, 52.967575547891762 ], [ -66.510585146746962, 52.951518930338807 ], [ -66.497915144228969, 52.948184850363994 ], [ -66.48730584171453, 52.957268683192176 ], [ -66.493919256179254, 52.965685792560045 ], [ -66.485169620168449, 52.968741554552402 ], [ -66.498951235217731, 52.982575764573909 ], [ -66.487952904970854, 52.991520652064203 ], [ -66.497510672374631, 52.998771097044532 ], [ -66.469646346683405, 52.990103778672093 ], [ -66.477676496394565, 53.019521344219392 ], [ -66.468926193315994, 53.023410194854108 ], [ -66.476731829974625, 53.033827044729087 ], [ -66.473176111194846, 53.04177162231958 ], [ -66.461286725207998, 53.036799199347804 ], [ -66.46028643233501, 53.052743864696886 ], [ -66.444341595406229, 53.0422714494903 ], [ -66.436341087068271, 53.047715919771079 ], [ -66.397501960519463, 53.018881162369112 ], [ -66.375356538775051, 53.014713331397104 ], [ -66.36574247974896, 53.020601829963056 ], [ -66.345736799068291, 53.006433957721882 ], [ -66.338123391053728, 52.982294383688668 ], [ -66.321900928737108, 52.972099611272924 ], [ -66.322122854238202, 52.935682394385836 ], [ -66.292760410099532, 52.917154180478128 ], [ -66.257606686514535, 52.86679337542779 ], [ -66.294915724864993, 52.860238104680185 ], [ -66.276447084044577, 52.845099307994303 ], [ -66.286172477636285, 52.835904970652948 ], [ -66.310088010458927, 52.843155021091135 ], [ -66.333944016264837, 52.863904981768194 ], [ -66.35464194601137, 52.85721073913345 ], [ -66.372752317137298, 52.863627526344118 ], [ -66.387054352421345, 52.877794088344501 ], [ -66.415809838107222, 52.866655574172377 ], [ -66.417481982394065, 52.850627994195108 ], [ -66.381290561864063, 52.819044402134899 ], [ -66.375929083478368, 52.809433134025547 ], [ -66.386069060868252, 52.795738609140237 ], [ -66.355288573400827, 52.802238433439989 ], [ -66.346537967082924, 52.794432693994551 ], [ -66.349927226697019, 52.781127002707237 ], [ -66.328092635879557, 52.760654335782924 ], [ -66.334980736362937, 52.744987407969042 ], [ -66.307726568487155, 52.725764472321487 ], [ -66.339664168997814, 52.702180236969909 ], [ -66.33357666706047, 52.687874110725311 ], [ -66.339492469983298, 52.683401746875603 ], [ -66.294497746994793, 52.650068322133194 ], [ -66.306078260110127, 52.636845717614712 ], [ -66.287277443902298, 52.640707188087219 ], [ -66.291859727826278, 52.633623702484833 ], [ -66.278252080541534, 52.636151830661916 ], [ -66.284806041243499, 52.628179357751726 ], [ -66.274392157262696, 52.626957314619332 ], [ -66.289055428128506, 52.602567786860185 ], [ -66.31624284259513, 52.609206207860041 ], [ -66.332793890413626, 52.634706258006496 ], [ -66.34777060953158, 52.639206803483596 ], [ -66.348379833378516, 52.651206790322 ], [ -66.387855548380799, 52.681790857672326 ], [ -66.405492422484087, 52.672207284735492 ], [ -66.406356260229742, 52.660651898953645 ], [ -66.419725914431041, 52.65134717287463 ], [ -66.416010841559, 52.642208981378054 ], [ -66.440904481655949, 52.637653920691953 ], [ -66.422824262477363, 52.598212378735752 ], [ -66.380111984951213, 52.565987643867757 ], [ -66.383670652817116, 52.55837672997329 ], [ -66.371716680404859, 52.53106977061762 ], [ -66.400963162553595, 52.531961435439008 ], [ -66.364877903377746, 52.508179912874134 ], [ -66.354370044623195, 52.469929008094788 ], [ -66.362404620151281, 52.467041139744637 ], [ -66.391178028825962, 52.488682702438773 ], [ -66.393708391942027, 52.475100245463395 ], [ -66.355983284980653, 52.43237394026908 ], [ -66.373303971184896, 52.415571426112805 ], [ -66.341304686101793, 52.396649126116529 ], [ -66.339887218394509, 52.366592980354788 ], [ -66.361989697390499, 52.350429846066923 ], [ -66.390458134418992, 52.38060158892926 ], [ -66.398270516765507, 52.369408347285223 ], [ -66.41169850535303, 52.375021801178626 ], [ -66.415729712054969, 52.386355889337018 ], [ -66.445564455175003, 52.375578218623943 ], [ -66.437203308374464, 52.354077868019061 ], [ -66.450926080496117, 52.356355753968892 ], [ -66.447287202493115, 52.347439009269571 ], [ -66.484010683716662, 52.358800454262429 ], [ -66.491122162644118, 52.354939260142721 ], [ -66.482260963591742, 52.342050217033041 ], [ -66.492566944403151, 52.340772442353504 ], [ -66.480371181497517, 52.329161427925662 ], [ -66.487702211928479, 52.31777316125202 ], [ -66.451501153912304, 52.294385284345587 ], [ -66.47155599445388, 52.287524607270988 ], [ -66.443748371436271, 52.283552378781209 ], [ -66.432077346660805, 52.265803240714334 ], [ -66.450300166508157, 52.2656644763969 ], [ -66.470159416117497, 52.253831818376206 ], [ -66.45479696648691, 52.248720731112115 ], [ -66.431936293066912, 52.220634612509301 ], [ -66.403793912974251, 52.229078794566846 ], [ -66.403489336243751, 52.214021680382224 ], [ -66.38637503212945, 52.213104239699071 ], [ -66.359373801460038, 52.17926756396961 ], [ -66.360069670915422, 52.166266765815372 ], [ -66.381100528904625, 52.162183344336803 ], [ -66.374405242690841, 52.150016517380223 ], [ -66.331593612403253, 52.14976636019292 ], [ -66.335399855685225, 52.143627473792755 ], [ -66.320924454006885, 52.13057082364076 ], [ -66.309004573752446, 52.140847706789749 ], [ -66.269689246477341, 52.148650282562059 ], [ -66.273079102785019, 52.179652297782361 ], [ -66.295943467378478, 52.212072827672799 ], [ -66.290359239526069, 52.217184154057371 ], [ -66.305636432388113, 52.249464623374202 ], [ -66.299522047065409, 52.257352450171993 ], [ -66.314564458061909, 52.291264144060001 ], [ -66.284621122182998, 52.285431495731594 ], [ -66.295895008606777, 52.296402179383065 ], [ -66.28428060120207, 52.303067833959801 ], [ -66.292222199012684, 52.310816688495123 ], [ -66.256387709227283, 52.310149910189921 ], [ -66.242201689049168, 52.290569494420858 ], [ -66.249036718459848, 52.2847647916212 ], [ -66.242958230468048, 52.273433131547115 ], [ -66.2021042557474, 52.247130377609089 ], [ -66.199268994094638, 52.22418295773705 ], [ -66.174655884772704, 52.21393113160827 ], [ -66.165657115360105, 52.234350518897038 ], [ -66.151124082421688, 52.23337626236529 ], [ -66.136397018548891, 52.227790444655881 ], [ -66.122616894249461, 52.208898776103275 ], [ -66.097612810973814, 52.200563215081495 ], [ -66.070008847640977, 52.149201503285418 ], [ -66.07287032520729, 52.123895748473281 ], [ -66.091648934559274, 52.107645714400135 ], [ -66.094343763736234, 52.088951120604712 ], [ -66.069925915113288, 52.100145526607655 ], [ -66.04948076741222, 52.088006384642199 ], [ -66.022063102276519, 52.086367336052611 ], [ -66.009590236512778, 52.07978385576353 ], [ -66.011951173187995, 52.069867038179815 ], [ -66.0, 52.071145805572314 ], [ -66.0, 48.034802175904723 ] ] ], [ [ [ -66.0, 58.939348184087663 ], [ -66.030608750969918, 58.94489884212328 ], [ -66.056995867337605, 58.967482452063621 ], [ -66.037743661724392, 58.977704639238425 ], [ -66.0, 58.982238187448154 ], [ -66.0, 58.939348184087663 ] ] ] ] } },
{ "type": "Feature", "properties": { "zone": 7, "epsg_csrs": 2949, "epsg_nad83": 32187, "epsg_nad27": null, "meridien_central": -70.5, "lon_min": -72.0, "lon_max": -69.0 }, "geometry": { "type": "Polygon", "coordinates": [ [ [ -69.0, 47.310120527122116 ], [ -69.051056072348771, 47.300253314060001 ], [ -69.054861111, 47.377694444 ], [ -69.039638889, 47.384194444 ], [ -69.045388889, 47.392972222 ], [ -69.037555556, 47.396833333 ], [ -69.042722222, 47.401972222 ], [ -69.040027778, 47.40025 ], [ -69.035222222, 47.401805556 ], [ -69.042472222, 47.40475 ], [ -69.030583333, 47.407416667 ], [ -69.04225, 47.415694444 ], [ -69.043194444, 47.426777778 ], [ -69.047416667, 47.427722222 ], [ -69.046527778, 47.42425 ], [ -69.052138889, 47.422138889 ], [ -69.052111111, 47.43 ], [ -69.063527778, 47.434055556 ], [ -69.090916667, 47.424277778 ], [ -69.098861111, 47.431444444 ], [ -69.107722222, 47.427666667 ], [ -69.107777778, 47.435361111 ], [ -69.122, 47.442694444 ], [ -69.16225, 47.447416667 ], [ -69.178888889, 47.457361111 ], [ -69.205194444, 47.451944444 ], [ -69.224444444, 47.459833333 ], [ -69.997111110999981, 46.695527777999985 ], [ -70.0565, 46.415583332999972 ], [ -70.096944443999973, 46.409472221999977 ], [ -70.10775, 46.387722221999979 ], [ -70.127027777999956, 46.38038888900013 ], [ -70.126972222, 46.37080555600005 ], [ -70.191166667, 46.350222222000014 ], [ -70.208944444, 46.3295 ], [ -70.205861111, 46.299722222000128 ], [ -70.231611111, 46.291027778 ], [ -70.2525, 46.259972221999931 ], [ -70.250888888999953, 46.249111111000047 ], [ -70.273638888999983, 46.216833333000125 ], [ -70.271055555999851, 46.210833332999982 ], [ -70.292694443999949, 46.191472222000073 ], [ -70.236277777999931, 46.14525 ], [ -70.254527777999954, 46.113722222000092 ], [ -70.253111110999953, 46.100138889 ], [ -70.285936110999955, 46.099825 ], [ -70.301908332999972, 46.082361111000068 ], [ -70.31095555600001, 46.06418055600011 ], [ -70.278322221999986, 46.056286110999963 ], [ -70.297363888999939, 46.040711111000064 ], [ -70.301375, 46.027619443999981 ], [ -70.317994444000021, 46.019075 ], [ -70.302369444000021, 45.998680556000068 ], [ -70.283941666999965, 45.995488889000057 ], [ -70.306988888999967, 45.982691667000097 ], [ -70.315858332999937, 45.962991667000097 ], [ -70.277005556, 45.96725 ], [ -70.239141667000013, 45.94394444400001 ], [ -70.26308888899996, 45.923986111000033 ], [ -70.253386111, 45.907369443999983 ], [ -70.265716667, 45.89375 ], [ -70.258822222, 45.891169444000013 ], [ -70.307805555999948, 45.858847222 ], [ -70.341944443999978, 45.852344443999982 ], [ -70.359425, 45.83545 ], [ -70.370825, 45.835197222000033 ], [ -70.396691667000027, 45.808097222000072 ], [ -70.396161110999856, 45.798658333000049 ], [ -70.413747221999813, 45.795961111000167 ], [ -70.407027777999929, 45.762527778000099 ], [ -70.3884249999997, 45.750205556000019 ], [ -70.393894443999784, 45.740088889000049 ], [ -70.383836111000051, 45.734552778000037 ], [ -70.390102778000028, 45.728494444000027 ], [ -70.425902777999966, 45.707141666999973 ], [ -70.465469443999837, 45.706530556000132 ], [ -70.525069443999882, 45.66683888900009 ], [ -70.558588888999964, 45.666475000000112 ], [ -70.590872221999746, 45.630458332999986 ], [ -70.619147221999924, 45.612022222 ], [ -70.644572221999965, 45.606986111000154 ], [ -70.678094443999896, 45.5705 ], [ -70.687691667000024, 45.569422222000128 ], [ -70.689194443999781, 45.562183333000071 ], [ -70.677097221999929, 45.552211111000069 ], [ -70.722572221999769, 45.513672221999961 ], [ -70.71159444400007, 45.501808333000099 ], [ -70.716394444, 45.486466667000045 ], [ -70.691722221999953, 45.474266667000173 ], [ -70.681113888999903, 45.4521833330001 ], [ -70.650733332999835, 45.4449444440001 ], [ -70.629822221999973, 45.426313889000021 ], [ -70.63505, 45.411069443999956 ], [ -70.621269443999779, 45.402736110999967 ], [ -70.636322222, 45.395233333000036 ], [ -70.634888888999797, 45.383416667 ], [ -70.651783332999912, 45.376958333000175 ], [ -70.678172222000057, 45.394275 ], [ -70.712013888999877, 45.390483333000134 ], [ -70.729652777999775, 45.399094444000013 ], [ -70.754577778000055, 45.428311111000085 ], [ -70.781438889000015, 45.431230556000109 ], [ -70.798094443999901, 45.426516667000101 ], [ -70.825736110999912, 45.400263889000101 ], [ -70.802533332999985, 45.365677778000027 ], [ -70.819899999999848, 45.340194444000083 ], [ -70.806091666999805, 45.321580556000022 ], [ -70.811538889000019, 45.303766667000041 ], [ -70.835463888999925, 45.293963889000047 ], [ -70.831894444, 45.27891111100012 ], [ -70.848941666999963, 45.263091667000083 ], [ -70.848630555999989, 45.245180556000037 ], [ -70.838066666999794, 45.234619444000131 ], [ -70.858191666999971, 45.229152778000078 ], [ -70.89505, 45.240325000000112 ], [ -70.898511110999948, 45.25832777800013 ], [ -70.921333332999723, 45.279225000000118 ], [ -70.912005556000054, 45.296311111000058 ], [ -70.917836110999986, 45.311722222000057 ], [ -70.938894444000027, 45.319980555999962 ], [ -70.952377777999914, 45.339116667000162 ], [ -70.984975, 45.331908333000065 ], [ -71.010372222, 45.347663888999975 ], [ -71.01211666699993, 45.333869444000022 ], [ -71.001872221999974, 45.328427778000098 ], [ -71.008522222000011, 45.319241667000036 ], [ -71.0982, 45.301672222000036 ], [ -71.130927777999773, 45.246550000000177 ], [ -71.147561110999789, 45.239436111000153 ], [ -71.162330555999972, 45.250347222000123 ], [ -71.1801, 45.239936111000127 ], [ -71.196427777999986, 45.254052778000137 ], [ -71.230613888999812, 45.249416667000112 ], [ -71.245616666999979, 45.268800000000105 ], [ -71.259391666999932, 45.272033333000024 ], [ -71.264947221999705, 45.293791667000171 ], [ -71.280516666999972, 45.294588889000067 ], [ -71.284225, 45.302358333000022 ], [ -71.296233332999975, 45.299144444000156 ], [ -71.336411110999961, 45.272741667000048 ], [ -71.360277778000011, 45.27033055600009 ], [ -71.356538888999921, 45.253897222000042 ], [ -71.384136110999805, 45.233508333000131 ], [ -71.402144443999646, 45.24259722200015 ], [ -71.42105, 45.232202778000051 ], [ -71.442816666999761, 45.238291666999942 ], [ -71.403138888999933, 45.215305556000153 ], [ -71.397361111, 45.203527778000129 ], [ -71.437611110999967, 45.141888889000136 ], [ -71.428388888999962, 45.123694444000101 ], [ -71.448777778000021, 45.112555556000018 ], [ -71.46788888899971, 45.083638889000099 ], [ -71.49805555599994, 45.070194443999974 ], [ -71.497194443999831, 45.055805556000116 ], [ -71.506611110999927, 45.047555555999956 ], [ -71.490916666999794, 45.042638889000067 ], [ -71.501027777999923, 45.013444444000065 ], [ -72.0, 45.007501511057079 ], [ -72.0, 61.725438373841889 ], [ -71.903559971188088, 61.709381331856605 ], [ -71.884587722544779, 61.696659235839775 ], [ -71.818029749910522, 61.69771631996008 ], [ -71.712385134428303, 61.666662494683692 ], [ -71.642937007937292, 61.658080643955145 ], [ -71.608768165088577, 61.639275724010758 ], [ -71.577905035775814, 61.632887454245633 ], [ -71.545040332120266, 61.610887949512517 ], [ -71.513205409594661, 61.608804918495537 ], [ -71.508677205163167, 61.603721740565561 ], [ -71.519343847268146, 61.59261050933037 ], [ -71.516398977016479, 61.580777179882546 ], [ -71.565623761836378, 61.54494237426843 ], [ -71.563810384098815, 61.407552004059994 ], [ -71.636259546784572, 61.32538380478087 ], [ -71.633924568002499, 61.313355902206467 ], [ -71.595036278452085, 61.312827575294136 ], [ -71.602396978301158, 61.304494150333369 ], [ -71.631673269466205, 61.301522384861983 ], [ -71.627810091881884, 61.280910814932042 ], [ -71.607144896568172, 61.262993373557379 ], [ -71.530313871115936, 61.238019538761648 ], [ -71.432781860401178, 61.223296072029086 ], [ -71.442783595155902, 61.18271177842098 ], [ -71.315273559626291, 61.152958968649557 ], [ -71.218973048662235, 61.162482180422103 ], [ -71.123559333233629, 61.135204076698017 ], [ -71.066059329008056, 61.130703273129257 ], [ -71.043444082597148, 61.13600793031901 ], [ -70.98607612942692, 61.127867022416012 ], [ -70.930895684945483, 61.114732427774754 ], [ -70.919121113483186, 61.102371990664665 ], [ -70.883835548134641, 61.088506336619105 ], [ -70.880055615595779, 61.078782688348383 ], [ -70.738086208966138, 61.085203737722566 ], [ -70.711584655030265, 61.08034210271029 ], [ -70.686472035886766, 61.058924090763867 ], [ -70.668055950756298, 61.055813504197772 ], [ -70.301426455609828, 61.101561887370735 ], [ -70.130168813740738, 61.091338099119866 ], [ -70.105193731915961, 61.069502378741902 ], [ -70.104969469752632, 61.054250271397336 ], [ -70.1447454048498, 61.02821916499056 ], [ -70.154104729254357, 61.011522537301744 ], [ -70.085990085835419, 60.961519411616905 ], [ -70.076100640577238, 60.96010269360346 ], [ -70.075433637035815, 60.971297392520114 ], [ -70.065239018033196, 60.958769266652894 ], [ -69.991013136204799, 60.949518686496617 ], [ -70.023457859815949, 60.997714482177059 ], [ -69.982596658298405, 61.014327391419442 ], [ -69.989431327254692, 61.021356192394819 ], [ -69.984515935876573, 61.032107593668115 ], [ -69.949821300713097, 61.040775151227251 ], [ -69.921123923316031, 61.030273495659344 ], [ -69.927845301548587, 61.022522529915591 ], [ -69.917066144860996, 61.016104925302386 ], [ -69.925120901249102, 61.008520589040074 ], [ -69.910841457362494, 61.00132503193629 ], [ -69.955538458810793, 60.977546956489903 ], [ -69.944676848296695, 60.977796877318838 ], [ -69.942316075831002, 60.967102100541922 ], [ -69.956566971522079, 60.956601997990617 ], [ -69.952678142224215, 60.949407304018791 ], [ -69.964095482933146, 60.945379486318643 ], [ -69.762364256574187, 60.918294469266868 ], [ -69.682178326906069, 60.942885297764292 ], [ -69.679261985908681, 60.963386336471444 ], [ -69.698707018190817, 60.99533216939534 ], [ -69.650453885924776, 61.042027612198467 ], [ -69.649425736323224, 61.053972339050176 ], [ -69.611118062523985, 61.065527900170764 ], [ -69.613312083337405, 61.078694842848449 ], [ -69.551476045671279, 61.079444399359545 ], [ -69.50347410644838, 61.068388251761007 ], [ -69.483999529574419, 61.038331130371887 ], [ -69.481331594858261, 61.013440966391158 ], [ -69.466298762471979, 61.002466966560121 ], [ -69.468158914470905, 60.991383026454344 ], [ -69.453626023454319, 60.983242454193771 ], [ -69.446316550642223, 60.95765709613795 ], [ -69.421062043762561, 60.95201685659282 ], [ -69.370531815311324, 60.915431667911605 ], [ -69.379338576050998, 60.897403314900828 ], [ -69.376366535653119, 60.885819527017418 ], [ -69.389673653148748, 60.867930066693305 ], [ -69.372256230247672, 60.855068417213772 ], [ -69.377035369822408, 60.825900774886236 ], [ -69.357395237956496, 60.814206030382593 ], [ -69.371980128523489, 60.796844537447384 ], [ -69.441957655228748, 60.782538815809517 ], [ -69.453014054764765, 60.771983104978233 ], [ -69.499738681089866, 60.76239985124738 ], [ -69.507295400393559, 60.751427389504443 ], [ -69.526103349541131, 60.754760852024503 ], [ -69.560031286924016, 60.719151972114389 ], [ -69.641894122558483, 60.704288959615212 ], [ -69.674643889118556, 60.673786877915347 ], [ -69.668230201232348, 60.653260114046418 ], [ -69.646235901675766, 60.633763130606781 ], [ -69.648432462287474, 60.62112495084574 ], [ -69.620825866450673, 60.59382131302965 ], [ -69.619604743022364, 60.583932779797806 ], [ -69.6511881707508, 60.566681457647576 ], [ -69.652381651550058, 60.554152534547882 ], [ -69.673825417969738, 60.543456851931865 ], [ -69.709490560268307, 60.45097922355194 ], [ -69.730380740140959, 60.438034627687216 ], [ -69.717270342516144, 60.408700805905141 ], [ -69.688327045153983, 60.392229074492491 ], [ -69.661332464340262, 60.3560925773848 ], [ -69.667223586198816, 60.342537607739189 ], [ -69.662029345910412, 60.341176631428709 ], [ -69.671141163080165, 60.334287729171876 ], [ -69.635725736083032, 60.258063899316824 ], [ -69.643976278843184, 60.254563816984273 ], [ -69.631753719786786, 60.246257981674603 ], [ -69.638504117698972, 60.240619048371514 ], [ -69.583530004127681, 60.222590383785587 ], [ -69.596781131032401, 60.199312187330577 ], [ -69.591642964899563, 60.169644752848001 ], [ -69.567836348605283, 60.163783322533504 ], [ -69.559780764746733, 60.153310807226319 ], [ -69.58550485920432, 60.132060448505626 ], [ -69.589922071452975, 60.118004667015612 ], [ -69.566532306120052, 60.11219879110223 ], [ -69.54219837163248, 60.093781526607984 ], [ -69.560727476657519, 60.074253409740777 ], [ -69.591926411090526, 59.961695354767471 ], [ -69.620844566188453, 59.956445430079441 ], [ -69.620678112683095, 59.942889611592705 ], [ -69.610816763177581, 59.939056061981773 ], [ -69.62756803295116, 59.920472383742322 ], [ -69.620874392948735, 59.906971539491394 ], [ -69.579819592760089, 59.892859278983508 ], [ -69.510342037143744, 59.884081615626087 ], [ -69.489729641430017, 59.871692466275249 ], [ -69.507092683101007, 59.858080936899967 ], [ -69.52873835243264, 59.816967442426346 ], [ -69.500737233298253, 59.796883573736636 ], [ -69.471206004602152, 59.799856338209963 ], [ -69.541302100088842, 59.745075374425937 ], [ -69.511302236213851, 59.69524317746118 ], [ -69.484327339446111, 59.67168806399269 ], [ -69.489856496006269, 59.662188068754972 ], [ -69.483189357685376, 59.631270718471455 ], [ -69.497498035158912, 59.608992701418458 ], [ -69.540973108401488, 59.587548118040445 ], [ -69.543527283366814, 59.568853105128994 ], [ -69.592167463525868, 59.557881120594573 ], [ -69.637253495241225, 59.528744355180493 ], [ -69.629170032237369, 59.473744871794793 ], [ -69.604723922178209, 59.462299618372242 ], [ -69.573304054278537, 59.461631521047252 ], [ -69.569499135274441, 59.453659682706473 ], [ -69.401277115725577, 59.377745418056918 ], [ -69.402388752270895, 59.368689911457409 ], [ -69.393471423210769, 59.36441167593722 ], [ -69.33377249448705, 59.356075992948945 ], [ -69.317827090067112, 59.361464084915667 ], [ -69.23213230640107, 59.346351635985513 ], [ -69.231997561562139, 59.307685817956383 ], [ -69.20752411247156, 59.281434678392031 ], [ -69.224665469582249, 59.278268843107981 ], [ -69.227500015030671, 59.267324600537336 ], [ -69.208609679459244, 59.225933827372842 ], [ -69.130148734875149, 59.169701722329762 ], [ -69.117001325281421, 59.143061913972247 ], [ -69.091988632350422, 59.128311386741473 ], [ -69.077610338530349, 59.103977368976246 ], [ -69.068581014969482, 59.102005044474822 ], [ -69.072863924157048, 59.110727480561138 ], [ -69.065502788913648, 59.111199626691871 ], [ -69.062160674997131, 59.096004776939026 ], [ -69.04440521832322, 59.087698963188473 ], [ -69.048097819151849, 59.070420809526695 ], [ -69.0, 59.025576884296953 ], [ -69.0, 47.310120527122116 ] ] ] } },
{ "type": "Feature", "properties": { "zone": 8, "epsg_csrs": 2950, "epsg_nad83": 32188, "epsg_nad27": null, "meridien_central": -73.5, "lon_min": -75.0, "lon_max": -72.0 }, "geometry": { "type": "Polygon", "coordinates": [ [ [ -72.0, 45.007501511057079 ], [ -72.311947221999958, 45.003786111000011 ], [ -72.634661111000014, 45.014691667000129 ], [ -73.06535, 45.015955556 ], [ -74.150133333, 44.991358333 ], [ -74.663055556, 44.998916667 ], [ -74.66980081727084, 45.005561627085321 ], [ -74.652393568033716, 45.030018538463636 ], [ -74.565692764682737, 45.046296935944255 ], [ -74.510577525679011, 45.07674177615295 ], [ -74.495215224321385, 45.064741923869107 ], [ -74.442324448293832, 45.131213213137997 ], [ -74.377042739042452, 45.155213066099797 ], [ -74.31951904296875, 45.188507080078125 ], [ -74.472030639648438, 45.302860260009766 ], [ -74.382005921529753, 45.56448900003727 ], [ -74.436062889117125, 45.576489391348332 ], [ -74.47648082526041, 45.595656781601804 ], [ -74.541455898760205, 45.594324750492376 ], [ -74.643903966990592, 45.637521467497322 ], [ -74.700713231526947, 45.630578104917674 ], [ -74.936752763850279, 45.645160959427585 ], [ -74.977448844485536, 45.616383118580927 ], [ -75.0, 45.607385526461918 ], [ -75.0, 62.267290981153835 ], [ -74.96984291509699, 62.266268547283516 ], [ -74.8650356409035, 62.241073958577886 ], [ -74.803285162119607, 62.24035264597552 ], [ -74.622322516833947, 62.259682966008199 ], [ -74.498351392151619, 62.248322390874932 ], [ -74.412429986455095, 62.249043912732816 ], [ -74.353898761661412, 62.26073818591982 ], [ -74.334202635562349, 62.278238527029373 ], [ -74.297561364771241, 62.286877343749495 ], [ -74.256335815735326, 62.325461439316086 ], [ -74.199493102267752, 62.333571812862886 ], [ -74.184156808041962, 62.343988509703252 ], [ -74.013680675903174, 62.369460367320698 ], [ -73.850021226440333, 62.46362848386201 ], [ -73.7931835553768, 62.464044809459836 ], [ -73.733929947544652, 62.477489257625052 ], [ -73.715317780113196, 62.475072273102512 ], [ -73.706011348781146, 62.483877992708074 ], [ -73.671120545678434, 62.480183161975845 ], [ -73.649064547664864, 62.458404606309784 ], [ -73.593840489395802, 62.428708730167159 ], [ -73.600785357592542, 62.422430890766123 ], [ -73.584284850090739, 62.413985987651529 ], [ -73.485114078378899, 62.387678874261098 ], [ -73.465752743933933, 62.388956320387592 ], [ -73.455586937420833, 62.381177921396727 ], [ -73.38514338400995, 62.376702990091758 ], [ -73.370478169953913, 62.363396454279325 ], [ -73.296227973720988, 62.333394893149318 ], [ -73.191947452619274, 62.314892926213361 ], [ -73.168420017888423, 62.294948350679874 ], [ -73.164225191652406, 62.264504643729424 ], [ -73.143892726481056, 62.251031934916341 ], [ -73.101062779875349, 62.234279508113616 ], [ -73.082480665709681, 62.217139503312183 ], [ -73.001143794036921, 62.195360378430109 ], [ -72.94978341077757, 62.169248074970199 ], [ -72.906366168556474, 62.162330792209048 ], [ -72.863835785127378, 62.144468191338376 ], [ -72.800913548533572, 62.135940373890264 ], [ -72.751072331602984, 62.144025334285345 ], [ -72.70185428462338, 62.138384650707337 ], [ -72.613466049451063, 62.112132522445847 ], [ -72.5999936736942, 62.093965418008906 ], [ -72.607994300329153, 62.087882002090339 ], [ -72.59954967391883, 62.082437342224068 ], [ -72.608022667156206, 62.072048215061955 ], [ -72.581855507334808, 62.05063086949076 ], [ -72.595634967838919, 62.01965797481688 ], [ -72.581579253875873, 61.998796180218903 ], [ -72.586523877440527, 61.991212763013436 ], [ -72.574995735658717, 61.982073630094362 ], [ -72.578190317045596, 61.977379151149933 ], [ -72.437820782256949, 61.906238621431442 ], [ -72.384372110352103, 61.894376995555263 ], [ -72.26561502193573, 61.889517689935701 ], [ -72.209584645710038, 61.874685021262451 ], [ -72.17974951954443, 61.85382355419506 ], [ -72.174804320899341, 61.834045226448609 ], [ -72.11096498967089, 61.797656802352492 ], [ -72.072821277787455, 61.757406791770904 ], [ -72.046596592212325, 61.748379464394077 ], [ -72.028343259973497, 61.730157461144131 ], [ -72.0, 61.725438373841889 ], [ -72.0, 45.007501511057079 ] ], [ [ -73.820151349755122, 45.515899819249228 ], [ -73.820331380773553, 45.515915798042784 ], [ -73.821465918171981, 45.516016493380853 ], [ -73.820151349755122, 45.515899819249228 ] ], [ [ -73.811566382695432, 45.51775579736433 ], [ -73.809443781587603, 45.517448120373174 ], [ -73.810652074140819, 45.517734145675831 ], [ -73.811566382695432, 45.51775579736433 ] ], [ [ -73.807905378730766, 45.516994199053102 ], [ -73.808148768696185, 45.517066014131217 ], [ -73.809443781587603, 45.517448120373174 ], [ -73.807905378730766, 45.516994199053102 ] ], [ [ -73.80666002308881, 45.516611882821792 ], [ -73.806876988256192, 45.516678490110735 ], [ -73.807905378730766, 45.516994199053102 ], [ -73.80666002308881, 45.516611882821792 ] ], [ [ -73.786617274260266, 45.512130976555852 ], [ -73.788482494092378, 45.512246875113384 ], [ -73.784495841490823, 45.511991597264995 ], [ -73.786617274260266, 45.512130976555852 ] ], [ [ -73.620711806597171, 45.634749062169675 ], [ -73.620979227859948, 45.634582380198992 ], [ -73.621044830279175, 45.63454148934261 ], [ -73.620711806597171, 45.634749062169675 ] ], [ [ -73.611599038527046, 45.643705882624964 ], [ -73.609678635495996, 45.644882263425615 ], [ -73.611114501952954, 45.644054412841854 ], [ -73.611599038527046, 45.643705882624964 ] ], [ [ -73.60665130615233, 45.646514892578153 ], [ -73.608672977381559, 45.645456788178763 ], [ -73.608772277831989, 45.645404815673871 ], [ -73.60665130615233, 45.646514892578153 ] ], [ [ -73.599289757408116, 45.648932874418236 ], [ -73.597821391218318, 45.649674360196933 ], [ -73.600975036621094, 45.648162841796932 ], [ -73.602439880371037, 45.647823333740234 ], [ -73.604415893554517, 45.6473388671875 ], [ -73.606188076432105, 45.646685641796971 ], [ -73.60097417711907, 45.648159804549707 ], [ -73.599289757408116, 45.648932874418236 ] ], [ [ -73.590772622995701, 45.653373219340857 ], [ -73.596879437100483, 45.650151419222354 ], [ -73.593688964843693, 45.65183258056652 ], [ -73.590772622995701, 45.653373219340857 ] ], [ [ -73.589310763815064, 45.654218349022649 ], [ -73.589311120744512, 45.654218819441731 ], [ -73.590618473876717, 45.653460004560202 ], [ -73.589310763815064, 45.654218349022649 ] ], [ [ -73.577920174162642, 45.659497647744239 ], [ -73.578682006506995, 45.659147671764174 ], [ -73.579092465655208, 45.658959110288883 ], [ -73.577920174162642, 45.659497647744239 ] ], [ [ -73.568944867271171, 45.663939814180551 ], [ -73.56590358685493, 45.665050612641885 ], [ -73.566639356846053, 45.664781882873058 ], [ -73.568944867271171, 45.663939814180551 ] ], [ [ -73.554176330566392, 45.672702789306669 ], [ -73.55571746826142, 45.671543121337926 ], [ -73.554180109186234, 45.672699940945733 ], [ -73.554176330566392, 45.672702789306669 ] ], [ [ -73.531013488769574, 45.685295104980469 ], [ -73.53420257568358, 45.682666778564446 ], [ -73.532516475847217, 45.684017179291686 ], [ -73.531013488769574, 45.685295104980469 ] ] ] } },
{ "type": "Feature", "properties": { "zone": 9, "epsg_csrs": 2951, "epsg_nad83": 32189, "epsg_nad27": null, "meridien_central": -76.5, "lon_min": -78.0, "lon_max": -75.0 }, "geometry": { "type": "Polygon", "coordinates": [ [ [ -75.0, 45.607385526461918 ], [ -75.02750609144789, 45.596410984980992 ], [ -75.126454228445709, 45.577078693427609 ], [ -75.235652821370877, 45.587134667589964 ], [ -75.349770653135351, 45.536051783896994 ], [ -75.476636639118738, 45.515580277386221 ], [ -75.531222063110533, 45.49896941917109 ], [ -75.578473377692262, 45.474303084891233 ], [ -75.681115969727387, 45.459414377907535 ], [ -75.69595006620159, 45.447692289521342 ], [ -75.70514499635857, 45.424386878295763 ], [ -75.758397164772418, 45.411803752126445 ], [ -75.783120676715271, 45.38435955252703 ], [ -75.814982974352461, 45.373387517208641 ], [ -75.850123136618379, 45.376443275306599 ], [ -75.983571102689496, 45.475777403590541 ], [ -76.093407750217921, 45.517083652223619 ], [ -76.205689380388435, 45.517917277306026 ], [ -76.233079063774312, 45.50816737974651 ], [ -76.243108007632429, 45.467806205739066 ], [ -76.3492780624955, 45.456084327527378 ], [ -76.374251149508041, 45.460056523114019 ], [ -76.43672535238602, 45.497251104262943 ], [ -76.603287586111946, 45.531556905128411 ], [ -76.657067926536001, 45.559002087455212 ], [ -76.674207444955357, 45.585474143330543 ], [ -76.670040884769094, 45.625001899864969 ], [ -76.709541503751211, 45.665002413267871 ], [ -76.687096752329069, 45.684446716176126 ], [ -76.695846730762867, 45.7002524774432 ], [ -76.691791111983662, 45.710196961962254 ], [ -76.705152172742942, 45.72180828816164 ], [ -76.750818995271061, 45.724142145496444 ], [ -76.769347422456747, 45.733670050412115 ], [ -76.766291673801732, 45.747003426042909 ], [ -76.780486663722741, 45.785254042044983 ], [ -76.76481918217479, 45.806004215561643 ], [ -76.764735378944579, 45.85003239603077 ], [ -76.781846622746627, 45.874032508326479 ], [ -76.841265283716893, 45.891005081282287 ], [ -76.923796675140693, 45.895088787939585 ], [ -76.929991559945393, 45.88861663587727 ], [ -76.923047276523675, 45.870977633388975 ], [ -76.90276899434707, 45.855227529451781 ], [ -76.90588054505605, 45.847783096458897 ], [ -76.925520139229491, 45.846449873024653 ], [ -76.911575936988072, 45.81000537755591 ], [ -76.940577271745951, 45.792033300599144 ], [ -76.988967851098494, 45.785977781759357 ], [ -77.0251634509562, 45.807089263227056 ], [ -77.049275488630087, 45.809561637773925 ], [ -77.073498255914956, 45.831173011284761 ], [ -77.122666696946283, 45.841340005872325 ], [ -77.196641275621232, 45.870396058902429 ], [ -77.237058467595944, 45.922174073415022 ], [ -77.273254185529765, 45.945091009567818 ], [ -77.287643247557867, 45.979952071204536 ], [ -77.277892484400809, 46.009396465191344 ], [ -77.28236475202425, 46.017924232156304 ], [ -77.568481829434859, 46.157869622755243 ], [ -77.676484529500613, 46.19792530540991 ], [ -77.694762990337722, 46.182453323780692 ], [ -77.726874823578385, 46.193759433222624 ], [ -77.775904171779757, 46.192982161422435 ], [ -77.848100851765864, 46.207232698721484 ], [ -77.991215091509858, 46.247983141762447 ], [ -78.0, 46.246437133136446 ], [ -78.0, 55.191884999917235 ], [ -77.971779762851384, 55.204967881274797 ], [ -77.915447142490507, 55.21827578267397 ], [ -77.900531260466778, 55.233582566969858 ], [ -77.848335144283851, 55.257305783354582 ], [ -77.833834664186327, 55.254916912140516 ], [ -77.789720992227444, 55.26963921195977 ], [ -77.725770474913929, 55.333027840447812 ], [ -77.698822189965085, 55.337859580972633 ], [ -77.623485465361739, 55.385916474890792 ], [ -77.582986828212938, 55.385612943277806 ], [ -77.556902275960113, 55.39830748795066 ], [ -77.41000410754333, 55.500170706026609 ], [ -77.35986183440059, 55.521281368929749 ], [ -77.332220572924086, 55.548892804676996 ], [ -77.254160254399437, 55.582837957466438 ], [ -77.225686341891162, 55.610755447323356 ], [ -77.205157655481116, 55.616089134020115 ], [ -77.176239278815729, 55.643951193459088 ], [ -77.190239758764449, 55.65903465568374 ], [ -77.202268089946074, 55.659867866701461 ], [ -77.191266788394387, 55.679756545173063 ], [ -77.139429499054529, 55.705783365555476 ], [ -77.003923869836797, 55.803089887394947 ], [ -76.994923392345697, 55.822923740587783 ], [ -76.958699233075379, 55.840535120958748 ], [ -76.961615868341369, 55.84750745555499 ], [ -76.940725714576331, 55.866757758446624 ], [ -76.886250453626985, 55.900647105861708 ], [ -76.875360419569688, 55.92348066021583 ], [ -76.830552753280472, 55.929841660257409 ], [ -76.823107675521726, 55.949258702642396 ], [ -76.810134549128861, 55.959064306388257 ], [ -76.800660856210072, 56.001147961431684 ], [ -76.734545173468462, 56.018008217005729 ], [ -76.708710096828611, 56.034341754713012 ], [ -76.693041837063959, 56.050286425648551 ], [ -76.686762224130234, 56.087703574365946 ], [ -76.650954361068955, 56.126009925124549 ], [ -76.64431515019163, 56.146288212477657 ], [ -76.660537390378352, 56.162621798034252 ], [ -76.650592720233021, 56.17292761193039 ], [ -76.650787010787155, 56.189511371914534 ], [ -76.670815143484788, 56.193872399851159 ], [ -76.617480637381163, 56.200067450968561 ], [ -76.624785769023958, 56.241568327074901 ], [ -76.566393827843683, 56.278541400310473 ], [ -76.566976682169582, 56.291291428883312 ], [ -76.54944757088191, 56.301291489778407 ], [ -76.54916831429216, 56.340708503936639 ], [ -76.559307645684783, 56.349375403668034 ], [ -76.531111496370272, 56.373459124162025 ], [ -76.544722879719075, 56.410487762511707 ], [ -76.531749871764873, 56.414154476130307 ], [ -76.5248885872453, 56.426988192961062 ], [ -76.531250153159988, 56.433099555297815 ], [ -76.527500180265747, 56.446016711885022 ], [ -76.521222246622017, 56.449044651620738 ], [ -76.525778270832745, 56.465573131225483 ], [ -76.552973464387719, 56.477239818560804 ], [ -76.546667707928748, 56.505240748028484 ], [ -76.555834139137573, 56.518379599828791 ], [ -76.540916720743269, 56.532241139821792 ], [ -76.558305480957131, 56.555602331544947 ], [ -76.545582432988169, 56.566130291247873 ], [ -76.536498843843844, 56.597519779248216 ], [ -76.550249364172885, 56.602853334498093 ], [ -76.548333545178139, 56.627409649006495 ], [ -76.531806810342459, 56.642132483511261 ], [ -76.542224171010503, 56.664688606055108 ], [ -76.534638812769856, 56.817470684686725 ], [ -76.552470970266825, 56.899223351772662 ], [ -76.563165490862048, 56.908945923754857 ], [ -76.560721457332249, 56.920001837642019 ], [ -76.568944944945542, 56.924196597148352 ], [ -76.57130955669362, 56.940558818589182 ], [ -76.570261583921706, 56.976616739329643 ], [ -76.561764175489145, 56.991340064784254 ], [ -76.576905497438361, 57.024785370461245 ], [ -76.576071812497446, 57.048841429065533 ], [ -76.574488221485979, 57.058369396620208 ], [ -76.562543071744358, 57.063925107253056 ], [ -76.561984565352134, 57.09517491978113 ], [ -76.586526562820438, 57.146172659008243 ], [ -76.592826396467729, 57.177866405178008 ], [ -76.587520449895294, 57.189116717256411 ], [ -76.616354601256432, 57.237145683229073 ], [ -76.62541297334991, 57.287313741210028 ], [ -76.639190998018933, 57.299980711503281 ], [ -76.636497244579346, 57.313286632795382 ], [ -76.667439174882361, 57.340009498658105 ], [ -76.657301232021496, 57.34442625374578 ], [ -76.665216847219483, 57.352593131081278 ], [ -76.657523093049917, 57.361676681118411 ], [ -76.687772987749327, 57.386260641605077 ], [ -76.677189048850721, 57.390344029121195 ], [ -76.675688870853776, 57.399649840699055 ], [ -76.697717678756646, 57.407650104652078 ], [ -76.704774109414586, 57.426261738662049 ], [ -76.700524634151861, 57.436845444643154 ], [ -76.760331225798211, 57.461096135488788 ], [ -76.762942194109371, 57.478596546397341 ], [ -76.780581702797519, 57.50104156714508 ], [ -76.773914629911019, 57.511375167202516 ], [ -76.866310859329587, 57.625795454814124 ], [ -76.845034513631902, 57.631795720970558 ], [ -76.840758106413716, 57.640323897344558 ], [ -76.859842295429019, 57.660824494872372 ], [ -76.865675370847953, 57.684575064487206 ], [ -76.892477601212931, 57.70238075512259 ], [ -76.893143932619068, 57.71610324405475 ], [ -76.923392101301204, 57.756104044277492 ], [ -76.948894219484259, 57.766771224925776 ], [ -76.985339974407168, 57.813439256205527 ], [ -76.996061342591361, 57.816411391992801 ], [ -77.011755758210995, 57.847162177846315 ], [ -77.050424226618816, 57.867385105851554 ], [ -77.055841095263759, 57.878052048072959 ], [ -77.046257009136241, 57.887246650189809 ], [ -77.049590425960957, 57.893413532499494 ], [ -77.080564298454021, 57.902358349898122 ], [ -77.092483336917326, 57.920025647185298 ], [ -77.089984262176586, 57.930081578503348 ], [ -77.162192695902036, 57.963055908206513 ], [ -77.174137553574326, 57.977917365088899 ], [ -77.173943115683301, 57.993084489526666 ], [ -77.200028308411618, 58.00075136671262 ], [ -77.207834141818637, 58.011112638706209 ], [ -77.236697173109178, 58.008918177877206 ], [ -77.231169042980468, 58.012279358790522 ], [ -77.240169617243168, 58.017446226433776 ], [ -77.213306674732394, 58.019057355532311 ], [ -77.260030793160865, 58.050363641039212 ], [ -77.292170248284265, 58.056113398658397 ], [ -77.296088269301549, 58.068113623630722 ], [ -77.342202815996586, 58.087308213614278 ], [ -77.393418737944103, 58.097336664589193 ], [ -77.399726984307449, 58.118587188853553 ], [ -77.41564508861552, 58.131504206328543 ], [ -77.52739036259004, 58.16067237678277 ], [ -77.522584575735891, 58.163255757967477 ], [ -77.561169349426336, 58.21017380026467 ], [ -77.594978529680077, 58.222062809539466 ], [ -77.572530850277644, 58.224285300160545 ], [ -77.643047330462593, 58.236644641842872 ], [ -77.617818459713192, 58.238006685740629 ], [ -77.651746694618282, 58.257116558702023 ], [ -77.650218412631375, 58.26395011930407 ], [ -77.769279335823228, 58.286729230192805 ], [ -77.77786084507045, 58.296591022426298 ], [ -77.8101043291569, 58.306787435356796 ], [ -77.906039991791204, 58.329062012609882 ], [ -77.909903410971538, 58.338283918481181 ], [ -77.963936017531296, 58.340005897434764 ], [ -78.0, 58.353732146755632 ], [ -78.0, 59.258050215290957 ], [ -77.996873243820176, 59.259398349364233 ], [ -78.0, 59.260914693853429 ], [ -78.0, 59.26243219870809 ], [ -77.989124696627414, 59.262175194592089 ], [ -77.995373256136872, 59.26845398596231 ], [ -77.987957960553445, 59.267286380172834 ], [ -77.985457798789582, 59.275175342392856 ], [ -77.952672983902005, 59.410263874785869 ], [ -77.901751841060275, 59.501821748458894 ], [ -77.908724441515801, 59.506960854329179 ], [ -77.869471837672677, 59.518822099986835 ], [ -77.869860495469709, 59.534433646194657 ], [ -77.846053324289471, 59.552322903196398 ], [ -77.852053389005391, 59.570879099489048 ], [ -77.835246578716408, 59.58857393664897 ], [ -77.834774009368857, 59.601213213968663 ], [ -77.842913233001354, 59.611796819965264 ], [ -77.879137403479604, 59.624491859079228 ], [ -77.878137059450012, 59.635769933805477 ], [ -77.855690991297422, 59.655492653262002 ], [ -77.86419109198323, 59.679021148036554 ], [ -77.849800803100834, 59.705660710357563 ], [ -77.848828264816973, 59.725272407864963 ], [ -77.752960800142716, 59.762856330200179 ], [ -77.545087701572868, 59.75638275156507 ], [ -77.468528659673098, 59.794630547285919 ], [ -77.476333987578528, 59.799103874123716 ], [ -77.467302382201524, 59.918081320057695 ], [ -77.623725484578188, 60.053697356794203 ], [ -77.673978270066755, 60.065698054371353 ], [ -77.629308709212523, 60.076309169279909 ], [ -77.607556970257804, 60.097393017884315 ], [ -77.61522373199108, 60.114199094607841 ], [ -77.625474407427305, 60.115977017507589 ], [ -77.612918135274242, 60.115199173066287 ], [ -77.569359558746157, 60.188447147292379 ], [ -77.635363107010107, 60.253335140943534 ], [ -77.633890965257422, 60.267694481928061 ], [ -77.616113055629285, 60.271579987426719 ], [ -77.607029435381378, 60.290966691335086 ], [ -77.646420220328309, 60.316273499528791 ], [ -77.654698693197304, 60.331549293167882 ], [ -77.666643958284794, 60.331021764331297 ], [ -77.685810167803083, 60.346859276348482 ], [ -77.753949085687225, 60.374179892488598 ], [ -77.743337614370546, 60.374150712429696 ], [ -77.75772694892305, 60.385596942079133 ], [ -77.775755665800148, 60.386013757186674 ], [ -77.773421899244227, 60.405292115908196 ], [ -77.76225441397952, 60.407597643348083 ], [ -77.763504389957461, 60.415986763914646 ], [ -77.753086905628322, 60.421959149639292 ], [ -77.763059635890443, 60.433542841826636 ], [ -77.739919286401062, 60.444568704131939 ], [ -77.738169085560912, 60.452596256920629 ], [ -77.763808916138885, 60.464654954761784 ], [ -77.762030838805401, 60.472349595229161 ], [ -77.875091571810458, 60.558102883217032 ], [ -77.905120954848769, 60.569714580178697 ], [ -77.912065156358835, 60.602937838947469 ], [ -77.892397094667558, 60.607298944183356 ], [ -77.845949189039914, 60.642188579871288 ], [ -77.844587531818718, 60.660022531188929 ], [ -78.0, 60.748325241764562 ], [ -78.0, 60.980541424466807 ], [ -77.993172844921673, 60.982616503218992 ], [ -77.966865297724894, 61.008506329991008 ], [ -77.944919346980782, 61.011895160374081 ], [ -77.913583576694009, 61.041256987138695 ], [ -77.893082262031726, 61.040173515211222 ], [ -77.867580296893436, 61.054923776790474 ], [ -77.831439064788185, 61.057756856008837 ], [ -77.826660580488124, 61.067673619495849 ], [ -77.832744188524828, 61.083035557309358 ], [ -77.818157878147701, 61.104729861222324 ], [ -77.827853315850859, 61.117897359967742 ], [ -77.819321870476529, 61.137368883927707 ], [ -77.825351103730043, 61.146369740703335 ], [ -77.805092174552385, 61.152672200446773 ], [ -77.788468668278028, 61.175945838109328 ], [ -77.793232555463817, 61.240636936969167 ], [ -77.756005806234725, 61.248302676295111 ], [ -77.743588025475219, 61.258969567555539 ], [ -77.773172490826596, 61.279192665923176 ], [ -77.761504410631289, 61.303193381725691 ], [ -77.783588691349678, 61.317666250645516 ], [ -77.773504271469278, 61.334694518007723 ], [ -77.788976426462568, 61.376695914286927 ], [ -77.783142526073391, 61.381307162049609 ], [ -77.790754053218222, 61.385390652431852 ], [ -77.785253616365935, 61.394613148905933 ], [ -77.819654369763271, 61.442508492385628 ], [ -77.806524550822473, 61.466402449905388 ], [ -77.891602281848805, 61.62718093212078 ], [ -77.887769668120654, 61.634790249970365 ], [ -77.929744143242146, 61.643318964088223 ], [ -77.941411875186759, 61.663068224539586 ], [ -77.965021351491089, 61.664379700436712 ], [ -77.964047594750298, 61.670795881995389 ], [ -77.991759244451657, 61.682052917553506 ], [ -78.0, 61.690076875212 ], [ -78.0, 62.379396826314988 ], [ -77.980506811475323, 62.384605818888076 ], [ -77.938291162269877, 62.41977390978758 ], [ -77.913686552525064, 62.429746421756192 ], [ -77.833761209719, 62.430129691194963 ], [ -77.786204382534947, 62.459295946794782 ], [ -77.716566638052825, 62.471240498673012 ], [ -77.693065253348664, 62.486573541029372 ], [ -77.693785074011032, 62.499239725157906 ], [ -77.669727251679262, 62.514462222004624 ], [ -77.658895289892882, 62.510851496512998 ], [ -77.568817038659404, 62.532855329711367 ], [ -77.519552772399436, 62.554853074760331 ], [ -77.510604960654632, 62.582047881419044 ], [ -77.452934677060966, 62.58210297918572 ], [ -77.422488317616342, 62.58054711321796 ], [ -77.345262874072944, 62.555073070151707 ], [ -77.310427569837884, 62.557683926267714 ], [ -77.21717220790498, 62.540710366222754 ], [ -77.191031544784039, 62.54465468631463 ], [ -77.162613924841821, 62.536348678712727 ], [ -77.020415023154385, 62.530789876285837 ], [ -76.930297382643687, 62.537676373508589 ], [ -76.865575874034221, 62.52498209869168 ], [ -76.796710889170583, 62.522397452908592 ], [ -76.541903052255464, 62.452593602648449 ], [ -76.460779680679423, 62.441697379880452 ], [ -76.432776675075672, 62.425278431432503 ], [ -76.392746603838702, 62.432750878319553 ], [ -76.348716421573556, 62.420916662997513 ], [ -76.291302807630132, 62.41981024506515 ], [ -76.254973925783418, 62.401341932993489 ], [ -76.110232916427606, 62.378024762051723 ], [ -76.034430408673757, 62.35516825541913 ], [ -75.963209042066694, 62.347393867450307 ], [ -75.945735721869539, 62.352227239530691 ], [ -75.864058573135708, 62.322192626713274 ], [ -75.781577900409729, 62.306882720385488 ], [ -75.714101912486683, 62.304354305104766 ], [ -75.692545480680337, 62.294798285758304 ], [ -75.575015920633746, 62.287440227926083 ], [ -75.552180509246625, 62.296078819148192 ], [ -75.343560314559056, 62.317052373045897 ], [ -75.280858921171841, 62.300215672275272 ], [ -75.110518285885121, 62.283520783681013 ], [ -75.077210247459618, 62.269908686823726 ], [ -75.0, 62.267290981153835 ], [ -75.0, 45.607385526461918 ] ] ] } },
{ "type": "Feature", "properties": { "zone": 10, "epsg_csrs": 2952, "epsg_nad83": 32190, "epsg_nad27": null, "meridien_central": -79.5, "lon_min": -81.0, "lon_max": -78.0 }, "geometry": { "type": "MultiPolygon", "coordinates": [ [ [ [ -78.0, 46.246437133136446 ], [ -78.047247141504798, 46.238122363733652 ], [ -78.146983658592276, 46.27690142176899 ], [ -78.213925877112956, 46.269956954050322 ], [ -78.252641418493965, 46.276123709937039 ], [ -78.30983754565689, 46.253289729974156 ], [ -78.394840327904305, 46.292540171632332 ], [ -78.501967814559791, 46.294819073809755 ], [ -78.600152183099397, 46.318984544286948 ], [ -78.688849606196428, 46.318151340304915 ], [ -78.711267031633128, 46.324984801810068 ], [ -78.729128569534936, 46.342957149337835 ], [ -78.722266867745802, 46.369290416961491 ], [ -78.729294752473407, 46.384818116647175 ], [ -78.889633937716283, 46.460124416299323 ], [ -78.987860266967488, 46.547014322462921 ], [ -78.997554767290438, 46.571292207035128 ], [ -78.99427684327209, 46.593431341555139 ], [ -79.008221529712387, 46.605237346312279 ], [ -79.015610456388572, 46.631460197064193 ], [ -79.074498602259752, 46.664794233205754 ], [ -79.074304131358375, 46.675599864611392 ], [ -79.093776503692752, 46.688349981018497 ], [ -79.100582245263126, 46.711461157487825 ], [ -79.118916020240448, 46.731655723792649 ], [ -79.166863387183, 46.82104566701058 ], [ -79.177253697247011, 46.829323738699223 ], [ -79.213508222794914, 46.832768748966544 ], [ -79.260593328923051, 46.885993983778903 ], [ -79.281898859112843, 46.899383554793495 ], [ -79.316454739206392, 46.935690210076487 ], [ -79.337345253853698, 46.970662893008388 ], [ -79.347513073738341, 47.008941271389311 ], [ -79.395518673630605, 47.043469694943667 ], [ -79.437660524347919, 47.089775871697924 ], [ -79.446577446214974, 47.110442715150256 ], [ -79.428214890768558, 47.193026318239212 ], [ -79.43929880960529, 47.214970554037649 ], [ -79.429214630253639, 47.23872045000882 ], [ -79.434242574769371, 47.258887424170659 ], [ -79.452493690844165, 47.282527083051562 ], [ -79.484384080621538, 47.30502792550238 ], [ -79.476800299936542, 47.31813948727217 ], [ -79.500884649400007, 47.322722999939813 ], [ -79.512774160543714, 47.344640548523543 ], [ -79.551137689073016, 47.372336079091667 ], [ -79.579334149144614, 47.432643294921029 ], [ -79.574139707315808, 47.459172202865901 ], [ -79.553944141418739, 47.49556232086637 ], [ -79.55588863093071, 47.515979025762448 ], [ -79.519275091249099, 47.53186698900236 ], [ -79.511552523854277, 47.542422384648646 ], [ -79.517497276299594, 47.550533595025819 ], [ -79.518512079963216, 51.568217141608386 ], [ -79.506928233257497, 51.575189483985639 ], [ -79.518512004169111, 51.583300718116561 ], [ -79.474174831158962, 51.601189831090267 ], [ -79.429505787775952, 51.638634683261046 ], [ -79.404088544951264, 51.64452358471533 ], [ -79.395088771692883, 51.658218147434582 ], [ -79.33258632109812, 51.667718208444398 ], [ -79.30600181654313, 51.681023840987223 ], [ -79.303251731078603, 51.658301292131 ], [ -79.284445496213664, 51.644967719705676 ], [ -79.217775812299578, 51.645300946877001 ], [ -79.219609392500161, 51.620078400430032 ], [ -79.240082581755814, 51.594078141289515 ], [ -79.242887978214924, 51.575883554846143 ], [ -79.223135971409306, 51.546577673849015 ], [ -79.206357203616278, 51.538466479667306 ], [ -79.153937541973335, 51.52610517332613 ], [ -79.097906647454749, 51.537938653077049 ], [ -78.979669903040758, 51.461535537323698 ], [ -78.812368134671203, 51.454852920401095 ], [ -78.801200997811691, 51.472686441668088 ], [ -78.828530475077457, 51.5120428926557 ], [ -78.816020034054247, 51.534551329468059 ], [ -78.848571851036695, 51.611808683888057 ], [ -78.889200230400263, 51.640818699607337 ], [ -78.930501226281763, 51.647974682747417 ], [ -78.944668029022637, 51.660447194544815 ], [ -78.938666120267044, 51.674791867771319 ], [ -78.944426425915083, 51.692014913499918 ], [ -78.992053088036926, 51.703718179412078 ], [ -78.997470469871871, 51.732668086420233 ], [ -79.017797221869898, 51.742994006273591 ], [ -79.035519470075656, 51.74171688977998 ], [ -79.048630332300718, 51.763300956128262 ], [ -78.966101455610783, 51.802521500430316 ], [ -78.89628820444193, 51.901303687866573 ], [ -78.90209381785462, 51.907554012770959 ], [ -78.890370634264968, 51.917193294072661 ], [ -78.885120356264224, 51.940026961398985 ], [ -78.892231725384363, 51.946804789251019 ], [ -78.885336216617475, 51.957489575400416 ], [ -78.850452047959322, 51.94338801152395 ], [ -78.804202863827356, 51.956026486166991 ], [ -78.701083951927387, 52.030303375696121 ], [ -78.726934140044307, 52.048955967962229 ], [ -78.722393717167677, 52.052692227457612 ], [ -78.707292780610032, 52.047549128208402 ], [ -78.664617151801053, 52.054582128200707 ], [ -78.651282757751744, 52.072137917741202 ], [ -78.662095125715837, 52.076700390819155 ], [ -78.596502283547125, 52.108193770385242 ], [ -78.550218202433939, 52.184847314685442 ], [ -78.555664874196907, 52.207639161014299 ], [ -78.576246357722823, 52.208789513236638 ], [ -78.5832099251719, 52.25287697656205 ], [ -78.557754382319786, 52.270248411896887 ], [ -78.566862985395744, 52.288593618605091 ], [ -78.520713612450436, 52.312997957122775 ], [ -78.516020262017321, 52.331029996135499 ], [ -78.52118681296173, 52.350808109721129 ], [ -78.538986950009075, 52.351475436007263 ], [ -78.544323477745934, 52.370816005211225 ], [ -78.583633849243881, 52.395619549205549 ], [ -78.588134629308001, 52.416642335032918 ], [ -78.574429258562418, 52.429657024376752 ], [ -78.577326443729135, 52.438784402345561 ], [ -78.555688722220793, 52.453170570376642 ], [ -78.570683049573631, 52.485406323168718 ], [ -78.567939057481681, 52.500143804939285 ], [ -78.586300978106181, 52.504560707818655 ], [ -78.589523319427087, 52.517227564899372 ], [ -78.673248922701589, 52.513644351978371 ], [ -78.767961591399398, 52.542173381027567 ], [ -78.764831100006802, 52.569671600763797 ], [ -78.767131125929154, 52.576979994974351 ], [ -78.774603956093245, 52.575612163717039 ], [ -78.768246712171106, 52.582637276513765 ], [ -78.77710747987328, 52.596505552861686 ], [ -78.778564785659967, 52.621895180487058 ], [ -78.821545642785168, 52.640600374675103 ], [ -78.815434367492799, 52.642156003755986 ], [ -78.827911194312492, 52.672541988441537 ], [ -78.827506447323856, 52.699147445911706 ], [ -78.857128170950375, 52.72572413371671 ], [ -78.864403907228791, 52.72323416599346 ], [ -78.860356028213459, 52.729124741173109 ], [ -78.872528811672623, 52.740865550183628 ], [ -78.872103091424947, 52.756060753583199 ], [ -78.879410317053157, 52.757842731542667 ], [ -78.872886461735618, 52.760306876992843 ], [ -78.875059679892672, 52.81919211542629 ], [ -78.88064256548472, 52.818198194941715 ], [ -78.875113579032927, 52.820462998771347 ], [ -78.876590817439194, 52.855066885600536 ], [ -78.882785747433275, 52.859594770770627 ], [ -78.876731296833441, 52.870733820470889 ], [ -78.894482667504462, 52.882650644200794 ], [ -78.900290140140669, 52.899317622313276 ], [ -78.955104213454035, 52.940795914630542 ], [ -78.960993786281961, 52.926542520538192 ], [ -78.951635281555866, 52.925717836225147 ], [ -79.010204901573161, 52.906597825621247 ], [ -78.981286756530608, 52.918364841939024 ], [ -78.95652161248853, 52.944701212609061 ], [ -78.968518258093468, 52.955712034550402 ], [ -78.959399950639465, 52.961496214394799 ], [ -78.965933680696537, 53.00012463360963 ], [ -78.995129959635221, 53.012735943619759 ], [ -78.988048932779407, 53.070542451553933 ], [ -78.998770935853713, 53.090237259020626 ], [ -78.974518618389027, 53.101848519911186 ], [ -78.975848976841235, 53.123432180763871 ], [ -78.946988068653809, 53.138682374235316 ], [ -78.969677743671411, 53.161849451877345 ], [ -78.979482131285295, 53.161266154912141 ], [ -78.939074209298781, 53.211739660030162 ], [ -78.949270877659274, 53.23487922584826 ], [ -79.016771650652458, 53.269518687343748 ], [ -79.013299848082397, 53.289074613322725 ], [ -79.054403576045274, 53.291490927124755 ], [ -79.03698995469648, 53.298213443142231 ], [ -79.04543293494919, 53.305935720430966 ], [ -79.033046368156761, 53.29749120296043 ], [ -79.009856001194009, 53.296658137229883 ], [ -79.004440280344795, 53.312102825306113 ], [ -78.973356561831736, 53.332269827806044 ], [ -78.982769343484279, 53.351992206014131 ], [ -78.949511806380372, 53.377853385387937 ], [ -78.98612210545167, 53.38860347344945 ], [ -78.986424592560297, 53.401936846554406 ], [ -79.065271790078441, 53.408022202002428 ], [ -79.077414896569792, 53.440912269455055 ], [ -79.087722263988326, 53.446829256270235 ], [ -79.104834115305493, 53.442523600492393 ], [ -79.092555763695145, 53.460996086519629 ], [ -79.112084365614066, 53.465357330103814 ], [ -79.11708464689741, 53.480552015186788 ], [ -79.142835717032312, 53.491246692297636 ], [ -79.136613105913568, 53.503052476249138 ], [ -79.111639741582337, 53.508302578557391 ], [ -79.086887606934908, 53.546414789823075 ], [ -79.071413752545709, 53.595666021077307 ], [ -79.055413038775555, 53.60627732392328 ], [ -79.103442692969281, 53.671500812187162 ], [ -79.150250496584192, 53.691973676976716 ], [ -79.155028398741194, 53.705085032129261 ], [ -79.130416126859757, 53.712279552941595 ], [ -79.117693218793306, 53.723585254383124 ], [ -79.13019384322223, 53.721890873392567 ], [ -79.090025217049629, 53.749474644750251 ], [ -79.099331052905484, 53.755641429949947 ], [ -79.088080681069755, 53.751280207384411 ], [ -79.08252471381229, 53.757558138174772 ], [ -79.07991308199189, 53.792309124412213 ], [ -79.088163143805787, 53.813198500624992 ], [ -79.095857897568919, 53.814948553673958 ], [ -79.088718594023703, 53.823615483792253 ], [ -79.089579767328985, 53.828643333535922 ], [ -79.116080890109117, 53.831810138896799 ], [ -79.089746345146409, 53.834865673415322 ], [ -79.092553549139552, 53.863920381426226 ], [ -79.080914429785537, 53.870975789243687 ], [ -79.097248989521574, 53.880225468401761 ], [ -79.106278310200366, 53.903419278765455 ], [ -79.115056036337933, 53.895530584304197 ], [ -79.115639658432599, 53.900780487556233 ], [ -79.142779866841977, 53.901030529023274 ], [ -79.11013982481137, 53.90703027230694 ], [ -79.294627319452502, 54.063142691078269 ], [ -79.310544547851407, 54.084893136494941 ], [ -79.320517234167539, 54.084365365536598 ], [ -79.313433676519367, 54.088532035951175 ], [ -79.375380786767721, 54.155088883269798 ], [ -79.384297860603851, 54.164311255387872 ], [ -79.395520624570679, 54.163116808005441 ], [ -79.386020030762211, 54.166561298327792 ], [ -79.395159331891705, 54.17642260599581 ], [ -79.469440580733306, 54.224923619711092 ], [ -79.478885475143443, 54.221284699237515 ], [ -79.469996062024336, 54.225645874289739 ], [ -79.481802177741088, 54.229645967095678 ], [ -79.484246653475736, 54.27639677353676 ], [ -79.490524772669858, 54.277091236869808 ], [ -79.481774260934287, 54.294035998690845 ], [ -79.486746650337352, 54.305813974314788 ], [ -79.473996031947422, 54.315036367767107 ], [ -79.472273618487236, 54.32675882264823 ], [ -79.48507979288803, 54.335203401652791 ], [ -79.485857597343113, 54.349564740355049 ], [ -79.513914336799985, 54.365565141292223 ], [ -79.492357713478498, 54.377843063180308 ], [ -79.501719225795398, 54.390732213635488 ], [ -79.515914408359208, 54.386315497382839 ], [ -79.504552697458735, 54.396899010114112 ], [ -79.517636632500739, 54.404149114986296 ], [ -79.508858345709029, 54.414454882314033 ], [ -79.524908962484972, 54.432377605812576 ], [ -79.534859681090893, 54.432927516056679 ], [ -79.527498203992593, 54.435594239017178 ], [ -79.536637447929422, 54.446122166670193 ], [ -79.531053773562348, 54.451594511458723 ], [ -79.535998576764484, 54.463225727596694 ], [ -79.575799922485317, 54.459157913444869 ], [ -79.596556943365897, 54.465817039201966 ], [ -79.564144372877422, 54.477683342936984 ], [ -79.566138722994367, 54.466150352443151 ], [ -79.536109570472263, 54.467122600672269 ], [ -79.53674850084019, 54.473039340833736 ], [ -79.557027156963898, 54.474983809245487 ], [ -79.537397429810483, 54.481152609893002 ], [ -79.543754417376761, 54.500235681930405 ], [ -79.536342655627379, 54.512177196740993 ], [ -79.550637849832981, 54.512095617846057 ], [ -79.533964318375979, 54.519159772225407 ], [ -79.555955694547436, 54.530394291002892 ], [ -79.597167919660876, 54.528762707474868 ], [ -79.559249329486875, 54.531568263556892 ], [ -79.583056031344313, 54.537290634299495 ], [ -79.612224057774029, 54.556791025556436 ], [ -79.632816599453633, 54.547852937337552 ], [ -79.636669718939061, 54.551263199379036 ], [ -79.612640740829647, 54.557318820396802 ], [ -79.685886420238887, 54.618469438686589 ], [ -79.741118962319092, 54.629792541042207 ], [ -79.764591410257765, 54.622616360128177 ], [ -79.763362191749536, 54.631948309628797 ], [ -79.75164723807211, 54.649098488656136 ], [ -79.698200185965618, 54.659293066501846 ], [ -79.66419839853512, 54.675928321182482 ], [ -79.64597516423737, 54.694765865301349 ], [ -79.600062858388526, 54.700705494794647 ], [ -79.564887708205731, 54.723794142390943 ], [ -79.493106398311909, 54.734849837454931 ], [ -79.448881852674333, 54.759989086408382 ], [ -79.360738685915067, 54.764266871426173 ], [ -79.227699502977941, 54.798291908690658 ], [ -79.190507989755758, 54.797767253150482 ], [ -79.101662599096642, 54.818854706166405 ], [ -79.044332327305483, 54.823716928087663 ], [ -79.010106766939259, 54.838577992347211 ], [ -78.982579281960113, 54.83349479846845 ], [ -78.942626134177715, 54.854604978535917 ], [ -78.94181642871672, 54.867243381556364 ], [ -78.953370272454208, 54.874437531187937 ], [ -78.896224805258328, 54.885992498256655 ], [ -78.891470887867399, 54.897519762692241 ], [ -78.833435003345528, 54.913852413374627 ], [ -78.784697603560062, 54.907271560841309 ], [ -78.752063623535662, 54.923939706581791 ], [ -78.738370242090014, 54.919884418010156 ], [ -78.731480377564594, 54.921939828487893 ], [ -78.738397214537827, 54.922412087073724 ], [ -78.71247523405259, 54.934994915242441 ], [ -78.679612164237028, 54.934911535860294 ], [ -78.65260828269578, 54.948105760794988 ], [ -78.631359370868722, 54.949106141080961 ], [ -78.552804696534622, 54.991385627068553 ], [ -78.317917273770263, 55.042272210197837 ], [ -78.281630329884138, 55.063326620147222 ], [ -78.273322364674243, 55.079743277838588 ], [ -78.206219229198382, 55.106190493452175 ], [ -78.197748780774361, 55.120357877546667 ], [ -78.127225656428095, 55.149749076277828 ], [ -78.032595030547441, 55.176773967531062 ], [ -78.0, 55.191884999917235 ], [ -78.0, 46.246437133136446 ] ] ], [ [ [ -78.0, 58.353732146755632 ], [ -78.035100425921712, 58.367091658503625 ], [ -78.09062379503365, 58.367454870043389 ], [ -78.203835005801466, 58.401535819840944 ], [ -78.220312528205284, 58.439201980038376 ], [ -78.254647528636212, 58.457119245954459 ], [ -78.226201664758378, 58.454341363007529 ], [ -78.240312947855614, 58.494175830919687 ], [ -78.264925348254053, 58.495842356539015 ], [ -78.261202922918528, 58.500231451710249 ], [ -78.284231887018564, 58.501620158908736 ], [ -78.277064821684462, 58.505148035005561 ], [ -78.397155024761616, 58.539648729999271 ], [ -78.426292382757595, 58.541205586431829 ], [ -78.46017215396256, 58.568349143892931 ], [ -78.480028048985332, 58.574157258495688 ], [ -78.47758389699527, 58.60429665766037 ], [ -78.487914117484422, 58.617826064813926 ], [ -78.522467588179609, 58.63713368097433 ], [ -78.583193264207807, 58.643550700571097 ], [ -78.594054908594558, 58.651884310975163 ], [ -78.588332324142129, 58.653495495255584 ], [ -78.597777033794614, 58.676468373068587 ], [ -78.554690954436694, 58.692524237098553 ], [ -78.560246667887043, 58.703218928566969 ], [ -78.552579697521594, 58.699968878363279 ], [ -78.538022595821985, 58.75024799732239 ], [ -78.579441408039827, 58.766387466779236 ], [ -78.602359090845539, 58.792138308770802 ], [ -78.597775465937559, 58.798277350134413 ], [ -78.6149708423834, 58.796110699139092 ], [ -78.631193799121377, 58.812611196602234 ], [ -78.585718956635105, 58.811583234811508 ], [ -78.584440901453036, 58.824944682636669 ], [ -78.57810725040116, 58.820083421966217 ], [ -78.579829439541527, 58.828000315735721 ], [ -78.556883565574481, 58.843583931498529 ], [ -78.571661693698388, 58.877501609170508 ], [ -78.570522534436805, 58.89250206329308 ], [ -78.584189790709843, 58.90528020668819 ], [ -78.576216877378329, 58.919669462921831 ], [ -78.542603670539791, 58.937642055807601 ], [ -78.554881905058494, 58.948948033625754 ], [ -78.526130258419244, 58.952031280953406 ], [ -78.298770818943012, 59.055610143541344 ], [ -78.303853139005014, 59.056388538786678 ], [ -78.246821818724186, 59.116305894605262 ], [ -78.257264142062411, 59.120890555422079 ], [ -78.240486435064838, 59.121778939610351 ], [ -78.195804938203537, 59.158423412959621 ], [ -78.196052329974293, 59.166619165736279 ], [ -78.184495918213486, 59.16961923382928 ], [ -78.19569109308685, 59.171591601573425 ], [ -78.19169074671089, 59.179202866572496 ], [ -78.178217716668826, 59.174841638272937 ], [ -78.165355695997164, 59.185952965550939 ], [ -78.168883549143743, 59.192425352332634 ], [ -78.19010709721698, 59.194147759558405 ], [ -78.158521870026732, 59.19178639444624 ], [ -78.14285389293002, 59.218259293849485 ], [ -78.085072669485953, 59.221370231997469 ], [ -78.0, 59.258050215290957 ], [ -78.0, 58.353732146755632 ] ] ], [ [ [ -78.0, 59.260914693853429 ], [ -78.00328944286457, 59.262509934503271 ], [ -78.0, 59.26243219870809 ], [ -78.0, 59.260914693853429 ] ] ], [ [ [ -78.0, 60.748325241764562 ], [ -78.075987863759849, 60.791500248373552 ], [ -78.136324762230288, 60.796945246029338 ], [ -78.180522061071656, 60.791945349258754 ], [ -78.213940907464348, 60.778972953750042 ], [ -78.22660840272232, 60.783278724794116 ], [ -78.225774415868273, 60.810474006348613 ], [ -78.188604775693364, 60.844697053380628 ], [ -78.200383138390691, 60.851780712370157 ], [ -78.146573619710637, 60.876031106323865 ], [ -78.142350803409556, 60.892531614628297 ], [ -78.116904566742789, 60.902865112019185 ], [ -78.113848626041886, 60.918004418106364 ], [ -78.097986275133792, 60.929726899573666 ], [ -78.031398347176378, 60.95000492651252 ], [ -78.03462061264463, 60.958560723901144 ], [ -78.02534196461329, 60.972838864366111 ], [ -78.0, 60.980541424466807 ], [ -78.0, 60.748325241764562 ] ] ], [ [ [ -78.0, 61.690076875212 ], [ -78.017607812383972, 61.707221461069309 ], [ -78.012714280942475, 61.711526706089899 ], [ -78.027464734942839, 61.723499415562458 ], [ -78.03750367427574, 61.782611077332319 ], [ -78.053257103948226, 61.791695040246964 ], [ -78.058212874597189, 61.827639233547529 ], [ -78.10396584650573, 61.866338000837743 ], [ -78.096799776464877, 61.873643799005436 ], [ -78.107560966387268, 61.88745093758223 ], [ -78.0999221563265, 61.892367777732943 ], [ -78.096599377866198, 61.912508287872413 ], [ -78.108963646193502, 61.919286627884901 ], [ -78.092684508771072, 61.930286941128827 ], [ -78.121991704789252, 61.943954244680469 ], [ -78.112990670485431, 61.95645457287435 ], [ -78.162881773481161, 61.997595237673352 ], [ -78.164298125181006, 62.011095697085238 ], [ -78.150630490389176, 62.019901398635739 ], [ -78.148768792255794, 62.037096457161965 ], [ -78.16426848523281, 62.083737022178298 ], [ -78.161906406005926, 62.114126869355346 ], [ -78.180712875951258, 62.129905317366251 ], [ -78.185740478009677, 62.145211424282365 ], [ -78.172627882284189, 62.172490007136844 ], [ -78.18193374537293, 62.184962717254336 ], [ -78.179294343079391, 62.197768676455667 ], [ -78.16423750685226, 62.205546662750862 ], [ -78.164403850626002, 62.21932487069023 ], [ -78.197516470885432, 62.242492603878475 ], [ -78.201877625504324, 62.25479860368273 ], [ -78.170708355331669, 62.272826756662084 ], [ -78.176375042562086, 62.285493811974845 ], [ -78.153484209363342, 62.302994269495855 ], [ -78.148511226848143, 62.319911435052632 ], [ -78.11970369257125, 62.326633673933372 ], [ -78.090272783632997, 62.362884318860779 ], [ -78.007929684075691, 62.370411560517994 ], [ -78.005453758730482, 62.377939466546138 ], [ -78.0, 62.379396826314988 ], [ -78.0, 61.690076875212 ] ] ] ] } }
]
}
